Long Station Name,Collection Date,EC,K,Sacramento X2,Location,Area,WYT,Data
Old River near Rock Slough,6/19/1959,318,1.9,91.43818578,OMR,Interior,BN,TT
Old River near Rock Slough,6/19/1959,327,1.9,91.43818578,OMR,Interior,BN,TT
Old River near Rock Slough,7/7/1959,716,3.9,94.29889644,OMR,Interior,BN,TT
Old River near Rock Slough,7/7/1959,749,4.1,94.29889644,OMR,Interior,BN,TT
Old River near Rock Slough,7/21/1959,1320,7.3,95.92495125,OMR,Interior,BN,TT
Old River near Rock Slough,7/21/1959,1740,10,95.92495125,OMR,Interior,BN,TT
Old River near Rock Slough,8/4/1959,1380,7.8,91.1135463,OMR,Interior,BN,TT
Old River near Rock Slough,8/4/1959,1580,8,91.1135463,OMR,Interior,BN,TT
Old River near Rock Slough,8/18/1959,937,5.6,93.54824528,OMR,Interior,BN,TT
Old River near Rock Slough,8/18/1959,1000,5.9,93.54824528,OMR,Interior,BN,TT
Old River near Rock Slough,9/2/1959,621,3.7,91.96611223,OMR,Interior,BN,TT
Old River near Rock Slough,9/2/1959,644,3.9,91.96611223,OMR,Interior,BN,TT
Old River near Rock Slough,9/15/1959,486,3,84.58759953,OMR,Interior,BN,TT
Old River near Rock Slough,9/15/1959,509,3.1,84.58759953,OMR,Interior,BN,TT
Old River near Rock Slough,10/1/1959,352,2.4,78.11676896,OMR,Interior,D,TT
Old River near Rock Slough,10/1/1959,396,2.6,78.11676896,OMR,Interior,D,TT
Old River near Rock Slough,10/30/1959,281,2.2,83.58656463,OMR,Interior,D,TT
Old River near Rock Slough,10/30/1959,345,2.5,83.58656463,OMR,Interior,D,TT
P8 - San Joaquin River @ Buckley Cove,2/2/1968,650,5,60.82383763,SJRcorridor,Interior,BN,TT
P8 - San Joaquin River @ Buckley Cove,3/22/1968,395,3.4,57.81297746,SJRcorridor,Interior,BN,TT
P8 - San Joaquin River @ Buckley Cove,10/10/1968,900,7,83.16574214,SJRcorridor,Interior,W,TT
P8 - San Joaquin River @ Buckley Cove,1/23/1969,180,2.6,48.06579729,SJRcorridor,Interior,W,TT
P8 - San Joaquin River @ Buckley Cove,4/16/1969,200,1.8,50.10640361,SJRcorridor,Interior,W,TT
P8 - San Joaquin River @ Buckley Cove,7/17/1969,360,2.7,68.77308425,SJRcorridor,Interior,W,TT
Old River South of Rock Slough (St 5A),1/30/1980,218,1.8,52.74067557,OMR,Interior,AN,TT
Old River South of Rock Slough (St 5A),2/14/1980,266,1.9,67.64537101,OMR,Interior,AN,TT
Old River South of Rock Slough (St 5A),2/29/1980,227,2.3,49.08867267,OMR,Interior,AN,TT
Old River South of Rock Slough (St 5A),3/12/1980,212,1.6,49.22949664,OMR,Interior,AN,TT
Old River South of Rock Slough (St 5A),3/26/1980,244,1.5,56.84018254,OMR,Interior,AN,TT
Old River South of Rock Slough (St 5A),4/8/1980,303,1.9,56.38489514,OMR,Interior,AN,TT
Old River South of Rock Slough (St 5A),4/21/1980,304,2.4,62.47778168,OMR,Interior,AN,TT
Old River South of Rock Slough (St 5A),5/5/1980,318,2.5,64.64696862,OMR,Interior,AN,TT
Old River South of Rock Slough (St 5A),5/12/1980,358,2.2,65.43895548,OMR,Interior,AN,TT
Old River South of Rock Slough (St 5A),5/19/1980,277,1.8,62.05980719,OMR,Interior,AN,TT
Old River South of Rock Slough (St 5A),5/27/1980,277,1.8,65.09270984,OMR,Interior,AN,TT
Old River South of Rock Slough (St 5A),6/10/1980,230,1.7,69.27641079,OMR,Interior,AN,TT
Old River South of Rock Slough (St 5A),6/16/1980,221,1.6,68.91440792,OMR,Interior,AN,TT
Old River South of Rock Slough (St 5A),6/23/1980,221,1.6,68.0228655,OMR,Interior,AN,TT
Old River South of Rock Slough (St 5A),6/30/1980,195,1.6,70.47262594,OMR,Interior,AN,TT
Old River South of Rock Slough (St 5A),7/7/1980,186,1.4,68.25641473,OMR,Interior,AN,TT
Old River South of Rock Slough (St 5A),7/14/1980,172,1.3,71.65830083,OMR,Interior,AN,TT
Old River South of Rock Slough (St 5A),7/21/1980,174,1.2,71.80905674,OMR,Interior,AN,TT
Old River South of Rock Slough (St 5A),7/29/1980,159,1.2,75.15820048,OMR,Interior,AN,TT
Old River South of Rock Slough (St 5A),8/6/1980,170,1.2,76.44358914,OMR,Interior,AN,TT
Old River South of Rock Slough (St 5A),8/18/1980,204,1.3,80.02274745,OMR,Interior,AN,TT
Old River South of Rock Slough (St 5A),9/3/1980,293,1.8,80.90049445,OMR,Interior,AN,TT
Old River South of Rock Slough (St 5A),9/15/1980,312,2,76.57711741,OMR,Interior,AN,TT
Old River South of Rock Slough (St 5A),9/26/1980,265,1.6,76.604144,OMR,Interior,AN,TT
Old River South of Rock Slough (St 5A),10/6/1980,236,1.6,77.15999944,OMR,Interior,D,TT
Old River South of Rock Slough (St 5A),10/20/1980,204,1.6,75.79339987,OMR,Interior,D,TT
Old River South of Rock Slough (St 5A),11/3/1980,201,1.6,78.34640114,OMR,Interior,D,TT
Old River South of Rock Slough (St 5A),11/14/1980,219,1.8,78.251066,OMR,Interior,D,TT
Old River South of Rock Slough (St 5A),11/24/1980,225,1.9,79.91615184,OMR,Interior,D,TT
Old River South of Rock Slough (St 5A),12/5/1980,220,1.9,81.24381742,OMR,Interior,D,TT
Old River South of Rock Slough (St 5A),12/16/1980,205,1.9,70.43542093,OMR,Interior,D,TT
Old River South of Rock Slough (St 5A),1/6/1981,209,1.8,79.42709404,OMR,Interior,D,TT
Old River South of Rock Slough (St 5A),1/20/1981,227,1.8,84.3665229,OMR,Interior,D,TT
Old River South of Rock Slough (St 5A),2/3/1981,325,2.5,59.47117587,OMR,Interior,D,TT
Old River South of Rock Slough (St 5A),2/16/1981,279,2.5,68.66305851,OMR,Interior,D,TT
Old River South of Rock Slough (St 5A),3/4/1981,263,2.1,75.67405581,OMR,Interior,D,TT
Old River South of Rock Slough (St 5A),3/20/1981,294,2.1,75.19545039,OMR,Interior,D,TT
Old River South of Rock Slough (St 5A),4/3/1981,360,2.3,60.26052112,OMR,Interior,D,TT
Old River South of Rock Slough (St 5A),4/23/1981,226,1.8,75.00542927,OMR,Interior,D,TT
Old River South of Rock Slough (St 5A),5/12/1981,269,1.8,80.86307077,OMR,Interior,D,TT
Old River South of Rock Slough (St 5A),6/2/1981,232,1.7,75.30547237,OMR,Interior,D,TT
Old River South of Rock Slough (St 5A),6/18/1981,243,1.8,80.97126487,OMR,Interior,D,TT
Old River South of Rock Slough (St 5A),6/30/1981,287,2,87.70223073,OMR,Interior,D,TT
Old River South of Rock Slough (St 5A),7/16/1981,366,2.4,87.76825037,OMR,Interior,D,TT
Old River South of Rock Slough (St 5A),8/3/1981,553,3.6,85.40012999,OMR,Interior,D,TT
Old River South of Rock Slough (St 5A),8/18/1981,628,3.7,87.20292234,OMR,Interior,D,TT
Old River South of Rock Slough (St 5A),9/2/1981,793,4.7,89.4339165,OMR,Interior,D,TT
Old River South of Rock Slough (St 5A),9/18/1981,758,4.4,85.78904211,OMR,Interior,D,TT
Old River South of Rock Slough (St 5A),10/14/1981,557,3.5,89.11569229,OMR,Interior,W,TT
Old River South of Rock Slough (St 5A),11/10/1981,545,3.6,88.94945498,OMR,Interior,W,TT
Old River South of Rock Slough (St 5A),11/24/1981,451,3.6,65.98476899,OMR,Interior,W,TT
Old River South of Rock Slough (St 5A),12/3/1981,423,3.2,52.53667998,OMR,Interior,W,TT
Old River South of Rock Slough (St 5A),12/18/1981,254,2.4,56.1313435,OMR,Interior,W,TT
Old River South of Rock Slough (St 5A),1/5/1982,240,2.7,0,OMR,Interior,W,TT
Old River South of Rock Slough (St 5A),2/5/1982,275,2.3,58.92308216,OMR,Interior,W,TT
Old River South of Rock Slough (St 5A),2/22/1982,295,6.7,0,OMR,Interior,W,TT
Old River South of Rock Slough (St 5A),3/15/1982,207,2.6,49.23180133,OMR,Interior,W,TT
Old River South of Rock Slough (St 5A),4/16/1982,348,2.5,0,OMR,Interior,W,TT
Old River South of Rock Slough (St 5A),5/5/1982,178,1.6,53.20631662,OMR,Interior,W,TT
Old River South of Rock Slough (St 5A),5/24/1982,196,1.7,58.78823135,OMR,Interior,W,TT
Old River South of Rock Slough (St 5A),6/22/1982,253,1.6,65.44959567,OMR,Interior,W,TT
Old River South of Rock Slough (St 5A),7/21/1982,244,1.5,78.29621658,OMR,Interior,W,TT
Old River South of Rock Slough (St 5A),8/17/1982,184,1.1,76.46364235,OMR,Interior,W,TT
Old River South of Rock Slough (St 5A),9/13/1982,208,1.6,66.6341757,OMR,Interior,W,TT
Old River South of Rock Slough (St 5A),10/19/1982,234,1.8,67.33005042,OMR,Interior,W,TT
Old River South of Rock Slough (St 5A),11/16/1982,180,1.8,65.44459814,OMR,Interior,W,TT
Old River South of Rock Slough (St 5A),12/14/1982,240,2.1,58.19292799,OMR,Interior,W,TT
Old River South of Rock Slough (St 5A),1/20/1983,281,2.2,63.15136317,OMR,Interior,W,TT
Old River South of Rock Slough (St 5A),2/17/1983,336,2.4,0,OMR,Interior,W,TT
Old River South of Rock Slough (St 5A),3/21/1983,338,2.2,0,OMR,Interior,W,TT
Old River South of Rock Slough (St 5A),4/18/1983,211,1.2,51.81872331,OMR,Interior,W,TT
Old River South of Rock Slough (St 5A),5/25/1983,170,1.3,53.44081668,OMR,Interior,W,TT
Rock Slough @ Old River,5/30/1984,194,1.5,76.19129629,OMR,Interior,W,TT
Rock Slough @ Old River,6/27/1984,189,1.3,78.52956136,OMR,Interior,W,TT
Clifton Court Intake,6/27/1984,472,2.4,78.52956136,OMR,Interior,W,TT
Clifton Court Intake,7/25/1984,212,1.3,75.0760343,OMR,Interior,W,TT
Rock Slough @ Old River,7/25/1984,217,1.4,75.0760343,OMR,Interior,W,TT
Old River South of Rock Slough (St 5A),12/17/1985,605,4.8,77.70271234,OMR,Interior,W,TT
Clifton Court Intake,3/4/1986,306,2.1,0,OMR,Interior,W,TT
Old River South of Rock Slough (St 5A),3/21/1986,210,2.3,0,OMR,Interior,W,TT
Clifton Court Intake,4/9/1986,197,1.5,52.99907803,OMR,Interior,W,TT
Clifton Court Intake,5/7/1986,280,1.8,66.57784182,OMR,Interior,W,TT
Clifton Court Intake,6/4/1986,303,1.7,70.7018673,OMR,Interior,W,TT
Rock Slough @ Old River,7/2/1986,225,1.9,77.07568175,OMR,Interior,W,TT
Rock Slough @ Old River,9/24/1986,285,1.9,76.64482557,OMR,Interior,W,TT
Old River North of Rock Slough (St 4b),6/28/1988,512,3.5,88.84197167,OMR,Interior,C,TT
Old River South of Rock Slough (St 5A),6/28/1988,533,3.7,88.84197167,OMR,Interior,C,TT
San Joaquin River @ Mossdale Bridge - C7A,3/2/1989,1370,4.8,91.3346382,SJRcorridor,Interior,D,TT
Middle R @ Tracy Rd Bdg,3/2/1989,506,2.8,91.3346382,SouthDelta,Interior,D,TT
Old River nr Tracy,3/2/1989,1410,5,91.3346382,SouthDelta,Interior,D,TT
Grant Ln Can @ Tracy Rd Bdg,3/2/1989,1430,5,91.3346382,SouthDelta,Interior,D,TT
Middle River at Bacon Island Bridge,1/24/1990,420,3,79.66720736,OMR,Interior,C,TT
Old River North of Rock Slough (St 4b),1/24/1990,804,5.2,79.66720736,OMR,Interior,C,TT
Little Connection Sl. @ Empire Tr.,1/24/1990,204,2.2,79.66720736,SJRcorridor,Interior,C,TT
San Joaquin River @ Mossdale Bridge - C7A,1/24/1990,1310,4.8,79.66720736,SJRcorridor,Interior,C,TT
Grant Ln Can @ Tracy Rd Bdg,1/24/1990,1200,6,79.66720736,SouthDelta,Interior,C,TT
Old River nr Tracy,1/24/1990,1190,6.2,79.66720736,SouthDelta,Interior,C,TT
Grant Line/Fabian/Bell Canals nr Old R.,1/24/1990,1100,7.2,79.66720736,SouthDelta,Interior,C,TT
Clifton Court Intake,2/14/1990,515,3.5,84.5852336,OMR,Interior,C,TT
San Joaquin River @ Mossdale Bridge - C7A,2/14/1990,1300,4,84.5852336,SJRcorridor,Interior,C,TT
Old River nr Tracy,2/14/1990,1320,4.6,84.5852336,SouthDelta,Interior,C,TT
Grant Ln Can @ Tracy Rd Bdg,2/14/1990,1240,5.8,84.5852336,SouthDelta,Interior,C,TT
Clifton Court Intake,2/21/1990,472,3.1,80.12996718,OMR,Interior,C,TT
Rock Slough @ Old River,2/23/1990,598,4,83.08252588,OMR,Interior,C,TT
Clifton Court Intake,3/20/1990,404,2.7,85.09103604,OMR,Interior,C,TT
Rock Slough @ Old River,3/20/1990,548,3.6,85.09103604,OMR,Interior,C,TT
Clifton Court Intake,4/24/1990,532,2.9,86.79032173,OMR,Interior,C,TT
Middle River at Bacon Island Bridge,4/25/1990,349,2.4,87.22990049,OMR,Interior,C,TT
Rock Slough @ Old River,4/25/1990,864,5.4,87.22990049,OMR,Interior,C,TT
Old River North of Rock Slough (St 4b),4/25/1990,905,5.8,87.22990049,OMR,Interior,C,TT
Little Connection Sl. @ Empire Tr.,4/25/1990,164,1.4,87.22990049,SJRcorridor,Interior,C,TT
San Joaquin River @ Mossdale Bridge - C7A,4/25/1990,823,3.4,87.22990049,SJRcorridor,Interior,C,TT
Grant Line/Fabian/Bell Canals nr Old R.,4/25/1990,671,3.6,87.22990049,SouthDelta,Interior,C,TT
Old River nr Tracy,4/25/1990,1120,3.8,87.22990049,SouthDelta,Interior,C,TT
Grant Ln Can @ Tracy Rd Bdg,4/25/1990,839,4.5,87.22990049,SouthDelta,Interior,C,TT
Clifton Court Intake,5/23/1990,654,3.8,90.30188297,OMR,Interior,C,TT
Rock Slough @ Old River,5/23/1990,660,4.5,90.30188297,OMR,Interior,C,TT
Rock Slough @ Old River,6/26/1990,377,2.8,87.03302324,OMR,Interior,C,TT
Clifton Court Intake,6/27/1990,786,2.9,84.4854239,OMR,Interior,C,TT
Clifton Court Intake,7/25/1990,457,2.9,87.85147172,OMR,Interior,C,TT
Middle River at Bacon Island Bridge,7/26/1990,286,2,86.56430395,OMR,Interior,C,TT
Old River North of Rock Slough (St 4b),7/26/1990,524,3.4,86.56430395,OMR,Interior,C,TT
Rock Slough @ Old River,7/26/1990,572,3.7,86.56430395,OMR,Interior,C,TT
Little Connection Sl. @ Empire Tr.,7/26/1990,160,1.2,86.56430395,SJRcorridor,Interior,C,TT
San Joaquin River @ Mossdale Bridge - C7A,7/26/1990,853,3,86.56430395,SJRcorridor,Interior,C,TT
Grant Line/Fabian/Bell Canals nr Old R.,7/26/1990,396,2.5,86.56430395,SouthDelta,Interior,C,TT
Grant Ln Can @ Tracy Rd Bdg,7/26/1990,843,4.2,86.56430395,SouthDelta,Interior,C,TT
Old River nr Tracy,7/26/1990,916,4.8,86.56430395,SouthDelta,Interior,C,TT
Clifton Court Intake,8/21/1990,397,2.8,82.94560259,OMR,Interior,C,TT
Middle River at Bacon Island Bridge,8/22/1990,269,1.8,83.47764088,OMR,Interior,C,TT
Old River North of Rock Slough (St 4b),8/22/1990,463,3,83.47764088,OMR,Interior,C,TT
Rock Slough @ Old River,8/22/1990,477,3.1,83.47764088,OMR,Interior,C,TT
Little Connection Sl. @ Empire Tr.,8/22/1990,178,1.3,83.47764088,SJRcorridor,Interior,C,TT
San Joaquin River @ Mossdale Bridge - C7A,8/22/1990,738,3,83.47764088,SJRcorridor,Interior,C,TT
Grant Line/Fabian/Bell Canals nr Old R.,8/22/1990,652,3.2,83.47764088,SouthDelta,Interior,C,TT
Old River nr Tracy,8/22/1990,857,3.7,83.47764088,SouthDelta,Interior,C,TT
Grant Ln Can @ Tracy Rd Bdg,8/22/1990,735,4,83.47764088,SouthDelta,Interior,C,TT
Middle River at Bacon Island Bridge,9/24/1990,368,3.1,90.82305445,OMR,Interior,C,TT
Clifton Court Intake,9/24/1990,504,3.3,90.82305445,OMR,Interior,C,TT
Clifton Court Intake,10/23/1990,710,4.4,94.64630634,OMR,Interior,C,TT
Middle River at Bacon Island Bridge,10/24/1990,585,3.8,94.04183083,OMR,Interior,C,TT
Old River North of Rock Slough (St 4b),10/24/1990,921,5.8,94.04183083,OMR,Interior,C,TT
Rock Slough @ Old River,10/24/1990,960,6,94.04183083,OMR,Interior,C,TT
Little Connection Sl. @ Empire Tr.,10/24/1990,191,1.5,94.04183083,SJRcorridor,Interior,C,TT
San Joaquin River @ Mossdale Bridge - C7A,10/24/1990,739,3.1,94.04183083,SJRcorridor,Interior,C,TT
Grant Ln Can @ Tracy Rd Bdg,10/24/1990,1030,3.9,94.04183083,SouthDelta,Interior,C,TT
Old River nr Tracy,10/24/1990,1140,4.2,94.04183083,SouthDelta,Interior,C,TT
Grant Line/Fabian/Bell Canals nr Old R.,10/24/1990,703,4.7,94.04183083,SouthDelta,Interior,C,TT
Middle River at Bacon Island Bridge,11/13/1990,625,3.6,93.89378554,OMR,Interior,C,TT
Clifton Court Intake,11/13/1990,689,4.3,93.89378554,OMR,Interior,C,TT
Middle River at Bacon Island Bridge,12/11/1990,542,3.5,93.08539402,OMR,Interior,C,TT
Clifton Court Intake,12/11/1990,853,5.5,93.08539402,OMR,Interior,C,TT
Middle River at Bacon Island Bridge,1/29/1991,532,3.8,94.90599798,OMR,Interior,C,TT
Old River North of Rock Slough (St 4b),1/29/1991,878,6.2,94.90599798,OMR,Interior,C,TT
Rock Slough @ Old River,1/29/1991,897,6.3,94.90599798,OMR,Interior,C,TT
Little Connection Sl. @ Empire Tr.,1/29/1991,344,2.2,94.90599798,SJRcorridor,Interior,C,TT
San Joaquin River @ Mossdale Bridge - C7A,1/29/1991,1100,3.6,94.90599798,SJRcorridor,Interior,C,TT
Grant Ln Can @ Tracy Rd Bdg,1/29/1991,1240,4.2,94.90599798,SouthDelta,Interior,C,TT
Old River nr Tracy,1/29/1991,1320,4.6,94.90599798,SouthDelta,Interior,C,TT
Grant Line/Fabian/Bell Canals nr Old R.,1/29/1991,700,4.6,94.90599798,SouthDelta,Interior,C,TT
Clifton Court Intake,1/31/1991,731,4.6,94.0793962,OMR,Interior,C,TT
Middle River at Bacon Island Bridge,2/26/1991,610,4.1,94.34149831,OMR,Interior,C,TT
Clifton Court Intake,2/27/1991,840,5.2,95.15255136,OMR,Interior,C,TT
Middle River at Bacon Island Bridge,3/25/1991,469,3.4,72.32639176,OMR,Interior,C,TT
Clifton Court Intake,3/27/1991,548,3.8,71.68911216,OMR,Interior,C,TT
Middle River at Bacon Island Bridge,4/23/1991,294,2.7,85.01362795,OMR,Interior,C,TT
San Joaquin River @ Mossdale Bridge - C7A,4/23/1991,1330,4.4,85.01362795,SJRcorridor,Interior,C,TT
Little Connection Sl. @ Empire Tr.,4/23/1991,251,1.8,85.01362795,SJRcorridor,Interior,C,TT
Grant Ln Can @ Tracy Rd Bdg,4/23/1991,1360,4.6,85.01362795,SouthDelta,Interior,C,TT
Old River nr Tracy,4/23/1991,1510,5.6,85.01362795,SouthDelta,Interior,C,TT
Clifton Court Intake,4/24/1991,792,4.1,86.48122671,OMR,Interior,C,TT
Middle River at Bacon Island Bridge,5/21/1991,359,3,91.14886705,OMR,Interior,C,TT
Clifton Court Intake,5/21/1991,527,3.2,91.14886705,OMR,Interior,C,TT
Contra Costa PP Number 01,5/21/1991,537,3.7,91.14886705,OMR,Interior,C,TT
Rock Slough @ Old River,5/22/1991,596,4.1,90.63835999,OMR,Interior,C,TT
Old River North of Rock Slough (St 4b),5/22/1991,613,4.2,90.63835999,OMR,Interior,C,TT
Grant Line/Fabian/Bell Canals nr Old R.,5/22/1991,479,3.3,90.63835999,SouthDelta,Interior,C,TT
Contra Costa PP Number 01,6/24/1991,705,4.7,92.83977948,OMR,Interior,C,TT
Clifton Court Intake,6/25/1991,607,4.1,93.04612539,OMR,Interior,C,TT
Middle River at Bacon Island Bridge,6/28/1991,451,3.3,91.92518677,OMR,Interior,C,TT
Clifton Court Intake,7/23/1991,528,3.5,91.47785985,OMR,Interior,C,TT
Middle River at Bacon Island Bridge,7/24/1991,404,3,92.78926842,OMR,Interior,C,TT
Old River North of Rock Slough (St 4b),7/24/1991,595,4,92.78926842,OMR,Interior,C,TT
Rock Slough @ Old River,7/24/1991,596,4,92.78926842,OMR,Interior,C,TT
San Joaquin River @ Mossdale Bridge - C7A,7/24/1991,962,3.5,92.78926842,SJRcorridor,Interior,C,TT
Little Connection Sl. @ Empire Tr.,7/24/1991,275,2.1,92.78926842,SJRcorridor,Interior,C,TT
Grant Line/Fabian/Bell Canals nr Old R.,7/24/1991,511,2.5,92.78926842,SouthDelta,Interior,C,TT
Middle R @ Tracy Rd Bdg,7/24/1991,454,3.3,92.78926842,SouthDelta,Interior,C,TT
Old River nr Tracy,7/24/1991,1110,4.5,92.78926842,SouthDelta,Interior,C,TT
Grant Ln Can @ Tracy Rd Bdg,7/24/1991,974,4.5,92.78926842,SouthDelta,Interior,C,TT
Middle River at Bacon Island Bridge,8/5/1991,415,2.9,91.32485805,OMR,Interior,C,TT
Old River North of Rock Slough (St 4b),8/7/1991,539,3.6,92.52821793,OMR,Interior,C,TT
Rock Slough @ Old River,8/7/1991,546,3.6,92.52821793,OMR,Interior,C,TT
Grant Line/Fabian/Bell Canals nr Old R.,8/7/1991,536,3.4,92.52821793,SouthDelta,Interior,C,TT
Middle River at Bacon Island Bridge,8/21/1991,347,2.5,88.57096592,OMR,Interior,C,TT
Rock Slough @ Old River,8/21/1991,550,3.6,88.57096592,OMR,Interior,C,TT
Old River North of Rock Slough (St 4b),8/21/1991,551,3.7,88.57096592,OMR,Interior,C,TT
Contra Costa PP Number 01,8/21/1991,699,7.1,88.57096592,OMR,Interior,C,TT
San Joaquin River @ Mossdale Bridge - C7A,8/21/1991,950,3.8,88.57096592,SJRcorridor,Interior,C,TT
Little Connection Sl. @ Empire Tr.,8/21/1991,245,1.7,88.57096592,SJRcorridor,Interior,C,TT
Grant Line/Fabian/Bell Canals nr Old R.,8/21/1991,840,4.7,88.57096592,SouthDelta,Interior,C,TT
Old River nr Tracy,8/21/1991,1140,5.7,88.57096592,SouthDelta,Interior,C,TT
Grant Ln Can @ Tracy Rd Bdg,8/21/1991,1000,5.8,88.57096592,SouthDelta,Interior,C,TT
Middle River at Bacon Island Bridge,9/10/1991,323,2.3,92.73110822,OMR,Interior,C,TT
Clifton Court Intake,9/10/1991,469,3.3,92.73110822,OMR,Interior,C,TT
Contra Costa PP Number 01,9/11/1991,782,4.3,92.53683095,OMR,Interior,C,TT
Middle River at Bacon Island Bridge,10/8/1991,398,3.9,88.19157893,OMR,Interior,C,TT
Rock Slough @ Old River,10/10/1991,554,3.5,88.47167384,OMR,Interior,C,TT
Old River North of Rock Slough (St 4b),10/10/1991,563,3.5,88.47167384,OMR,Interior,C,TT
Grant Line/Fabian/Bell Canals nr Old R.,10/10/1991,430,3,88.47167384,SouthDelta,Interior,C,TT
Middle River at Bacon Island Bridge,10/23/1991,365,2.7,94.27657666,OMR,Interior,C,TT
Contra Costa PP Number 01,10/23/1991,585,3.7,94.27657666,OMR,Interior,C,TT
Rock Slough @ Old River,10/23/1991,637,4.1,94.27657666,OMR,Interior,C,TT
Old River North of Rock Slough (St 4b),10/23/1991,665,4.3,94.27657666,OMR,Interior,C,TT
San Joaquin River @ Mossdale Bridge - C7A,10/23/1991,727,3,94.27657666,SJRcorridor,Interior,C,TT
Little Connection Sl. @ Empire Tr.,10/23/1991,160,1.3,94.27657666,SJRcorridor,Interior,C,TT
Grant Line/Fabian/Bell Canals nr Old R.,10/23/1991,463,3.1,94.27657666,SouthDelta,Interior,C,TT
Grant Ln Can @ Tracy Rd Bdg,10/23/1991,997,4,94.27657666,SouthDelta,Interior,C,TT
Old River nr Tracy,10/23/1991,1220,4.4,94.27657666,SouthDelta,Interior,C,TT
Contra Costa PP Number 01,11/19/1991,836,5.3,93.6335894,OMR,Interior,C,TT
Middle River at Bacon Island Bridge,11/21/1991,547,3.7,93.42904814,OMR,Interior,C,TT
Clifton Court Intake,11/21/1991,688,4.4,93.42904814,OMR,Interior,C,TT
Contra Costa PP Number 01,12/9/1991,988,6.2,94.2937316,OMR,Interior,C,TT
Middle River at Bacon Island Bridge,12/11/1991,609,4.1,94.35994762,OMR,Interior,C,TT
Clifton Court Intake,12/11/1991,810,4.4,94.35994762,OMR,Interior,C,TT
Old River North of Rock Slough (St 4b),12/19/1991,950,6.2,95.49778406,OMR,Interior,C,TT
Rock Slough @ Old River,12/19/1991,967,6.2,95.49778406,OMR,Interior,C,TT
Grant Line/Fabian/Bell Canals nr Old R.,12/19/1991,909,3.6,95.49778406,SouthDelta,Interior,C,TT
Middle River at Bacon Island Bridge,1/7/1992,519,3.4,93.01508883,OMR,Interior,C,TT
Middle River at Bacon Island Bridge,1/23/1992,455,3.2,92.69366513,OMR,Interior,C,TT
Contra Costa PP Number 01,1/23/1992,732,4.8,92.69366513,OMR,Interior,C,TT
Rock Slough @ Old River,1/23/1992,792,5.4,92.69366513,OMR,Interior,C,TT
San Joaquin River @ Mossdale Bridge - C7A,1/23/1992,1080,4.4,92.69366513,SJRcorridor,Interior,C,TT
Little Connection Sl. @ Empire Tr.,1/23/1992,247,2,92.69366513,SJRcorridor,Interior,C,TT
Grant Line/Fabian/Bell Canals nr Old R.,1/23/1992,546,3.6,92.69366513,SouthDelta,Interior,C,TT
Old River nr Tracy,1/23/1992,1150,4.2,92.69366513,SouthDelta,Interior,C,TT
Grant Ln Can @ Tracy Rd Bdg,1/23/1992,1100,4.5,92.69366513,SouthDelta,Interior,C,TT
Contra Costa PP Number 01,2/24/1992,793,4.8,66.71267132,OMR,Interior,C,TT
Clifton Court Intake,2/25/1992,554,4.4,65.86224313,OMR,Interior,C,TT
Old River North of Rock Slough (St 4b),3/11/1992,302,2.6,67.72093556,OMR,Interior,C,TT
Rock Slough @ Old River,3/11/1992,318,2.7,67.72093556,OMR,Interior,C,TT
Grant Line/Fabian/Bell Canals nr Old R.,3/11/1992,360,3.2,67.72093556,SouthDelta,Interior,C,TT
Contra Costa PP Number 01,3/24/1992,421,2.8,67.98576989,OMR,Interior,C,TT
Clifton Court Intake,3/26/1992,321,2.3,68.43776556,OMR,Interior,C,TT
Middle River at Bacon Island Bridge,3/26/1992,290,2.5,68.43776556,OMR,Interior,C,TT
Middle River at Bacon Island Bridge,4/7/1992,297,2.5,81.84286737,OMR,Interior,C,TT
Old River North of Rock Slough (St 4b),4/8/1992,327,2.4,79.86326901,OMR,Interior,C,TT
Rock Slough @ Old River,4/8/1992,334,2.4,79.86326901,OMR,Interior,C,TT
Grant Line/Fabian/Bell Canals nr Old R.,4/8/1992,340,2.4,79.86326901,SouthDelta,Interior,C,TT
Old River North of Rock Slough (St 4b),4/22/1992,325,2.2,77.19407905,OMR,Interior,C,TT
Rock Slough @ Old River,4/22/1992,330,2.3,77.19407905,OMR,Interior,C,TT
Contra Costa PP Number 01,4/22/1992,362,2.3,77.19407905,OMR,Interior,C,TT
Middle River at Bacon Island Bridge,4/22/1992,335,2.4,77.19407905,OMR,Interior,C,TT
San Joaquin River @ Mossdale Bridge - C7A,4/22/1992,834,3.2,77.19407905,SJRcorridor,Interior,C,TT
Little Connection Sl. @ Empire Tr.,4/22/1992,231,1.6,77.19407905,SJRcorridor,Interior,C,TT
Grant Line/Fabian/Bell Canals nr Old R.,4/22/1992,409,2.5,77.19407905,SouthDelta,Interior,C,TT
Grant Ln Can @ Tracy Rd Bdg,4/22/1992,932,3.4,77.19407905,SouthDelta,Interior,C,TT
Old River nr Tracy,4/22/1992,1110,4.7,77.19407905,SouthDelta,Interior,C,TT
Old River North of Rock Slough (St 4b),5/5/1992,331,2.3,86.61933596,OMR,Interior,C,TT
Rock Slough @ Old River,5/5/1992,337,2.4,86.61933596,OMR,Interior,C,TT
Grant Line/Fabian/Bell Canals nr Old R.,5/5/1992,397,2.8,86.61933596,SouthDelta,Interior,C,TT
Middle River at Bacon Island Bridge,5/7/1992,456,3.1,90.34949329,OMR,Interior,C,TT
Contra Costa PP Number 01,5/19/1992,451,3.1,92.35936602,OMR,Interior,C,TT
Clifton Court Intake,5/21/1992,463,2,91.77345049,OMR,Interior,C,TT
Middle River at Bacon Island Bridge,5/21/1992,458,3,91.77345049,OMR,Interior,C,TT
Clifton Court Intake,6/4/1992,569,3.7,92.61021102,OMR,Interior,C,TT
Middle River at Bacon Island Bridge,6/9/1992,535,3.5,88.84783983,OMR,Interior,C,TT
Old River North of Rock Slough (St 4b),6/11/1992,934,5.8,90.14218042,OMR,Interior,C,TT
Rock Slough @ Old River,6/11/1992,947,5.9,90.14218042,OMR,Interior,C,TT
Grant Line/Fabian/Bell Canals nr Old R.,6/11/1992,686,4,90.14218042,SouthDelta,Interior,C,TT
Contra Costa PP Number 01,6/23/1992,885,5.8,92.2794422,OMR,Interior,C,TT
Middle River at Bacon Island Bridge,6/25/1992,564,3.7,90.85817896,OMR,Interior,C,TT
Clifton Court Intake,6/25/1992,724,4.6,90.85817896,OMR,Interior,C,TT
Old River North of Rock Slough (St 4b),7/9/1992,795,5.1,91.63677332,OMR,Interior,C,TT
Rock Slough @ Old River,7/9/1992,812,5.2,91.63677332,OMR,Interior,C,TT
Grant Line/Fabian/Bell Canals nr Old R.,7/9/1992,724,4.3,91.63677332,SouthDelta,Interior,C,TT
Middle River at Bacon Island Bridge,7/22/1992,527,3.5,92.3938467,OMR,Interior,C,TT
Rock Slough @ Old River,7/22/1992,899,5.8,92.3938467,OMR,Interior,C,TT
Contra Costa PP Number 01,7/22/1992,905,5.8,92.3938467,OMR,Interior,C,TT
Old River North of Rock Slough (St 4b),7/22/1992,909,5.8,92.3938467,OMR,Interior,C,TT
San Joaquin River @ Mossdale Bridge - C7A,7/22/1992,979,3.3,92.3938467,SJRcorridor,Interior,C,TT
Little Connection Sl. @ Empire Tr.,7/22/1992,179,1.3,92.3938467,SJRcorridor,Interior,C,TT
Grant Line/Fabian/Bell Canals nr Old R.,7/22/1992,900,4.9,92.3938467,SouthDelta,Interior,C,TT
Old River nr Tracy,7/22/1992,1120,5.1,92.3938467,SouthDelta,Interior,C,TT
Grant Ln Can @ Tracy Rd Bdg,7/22/1992,1100,5.4,92.3938467,SouthDelta,Interior,C,TT
Middle River at Bacon Island Bridge,8/4/1992,571,3.7,93.425676,OMR,Interior,C,TT
Old River North of Rock Slough (St 4b),8/6/1992,840,5.5,92.5804813,OMR,Interior,C,TT
Rock Slough @ Old River,8/6/1992,878,5.8,92.5804813,OMR,Interior,C,TT
Middle River at Bacon Island Bridge,8/19/1992,484,3.3,92.0935494,OMR,Interior,C,TT
Contra Costa PP Number 01,8/19/1992,904,5.6,92.0935494,OMR,Interior,C,TT
Rock Slough @ Old River,8/19/1992,901,6,92.0935494,OMR,Interior,C,TT
Old River North of Rock Slough (St 4b),8/19/1992,915,6,92.0935494,OMR,Interior,C,TT
Little Connection Sl. @ Empire Tr.,8/19/1992,163,1.4,92.0935494,SJRcorridor,Interior,C,TT
Grant Line/Fabian/Bell Canals nr Old R.,8/19/1992,822,4.7,92.0935494,SouthDelta,Interior,C,TT
Old River nr Tracy,8/19/1992,1160,5.1,92.0935494,SouthDelta,Interior,C,TT
Grant Ln Can @ Tracy Rd Bdg,8/19/1992,1080,5.2,92.0935494,SouthDelta,Interior,C,TT
Middle River at Bacon Island Bridge,9/1/1992,465,3.2,91.88565434,OMR,Interior,C,TT
Old River North of Rock Slough (St 4b),9/3/1992,930,6.1,90.77667797,OMR,Interior,C,TT
Rock Slough @ Old River,9/3/1992,933,6.1,90.77667797,OMR,Interior,C,TT
Grant Line/Fabian/Bell Canals nr Old R.,9/3/1992,956,4.8,90.77667797,SouthDelta,Interior,C,TT
Contra Costa PP Number 01,9/22/1992,882,5.3,92.38888101,OMR,Interior,C,TT
Middle River at Bacon Island Bridge,9/24/1992,458,3.1,92.85385013,OMR,Interior,C,TT
Clifton Court Intake,9/24/1992,717,4.5,92.85385013,OMR,Interior,C,TT
Middle River at Bacon Island Bridge,10/7/1992,522,3.8,92.45317986,OMR,Interior,AN,TT
Old River North of Rock Slough (St 4b),10/7/1992,835,4.7,92.45317986,OMR,Interior,AN,TT
Rock Slough @ Old River,10/7/1992,849,5.2,92.45317986,OMR,Interior,AN,TT
Contra Costa PP Number 01,10/7/1992,900,5.4,92.45317986,OMR,Interior,AN,TT
San Joaquin River @ Mossdale Bridge - C7A,10/7/1992,944,3.3,92.45317986,SJRcorridor,Interior,AN,TT
Little Connection Sl. @ Empire Tr.,10/7/1992,232,1.7,92.45317986,SJRcorridor,Interior,AN,TT
Old River nr Tracy,10/7/1992,974,4,92.45317986,SouthDelta,Interior,AN,TT
Grant Ln Can @ Tracy Rd Bdg,10/7/1992,881,4,92.45317986,SouthDelta,Interior,AN,TT
Grant Line/Fabian/Bell Canals nr Old R.,10/7/1992,684,4.1,92.45317986,SouthDelta,Interior,AN,TT
Middle River at Bacon Island Bridge,10/19/1992,534,3.6,94.57151352,OMR,Interior,AN,TT
Old River North of Rock Slough (St 4b),10/20/1992,766,4.9,94.16017229,OMR,Interior,AN,TT
Rock Slough @ Old River,10/20/1992,811,5,94.16017229,OMR,Interior,AN,TT
Grant Line/Fabian/Bell Canals nr Old R.,10/20/1992,795,4.2,94.16017229,SouthDelta,Interior,AN,TT
Contra Costa PP Number 01,11/17/1992,943,5.4,94.87189975,OMR,Interior,AN,TT
Middle River at Bacon Island Bridge,11/19/1992,607,4,93.66767375,OMR,Interior,AN,TT
Clifton Court Intake,11/19/1992,737,4.6,93.66767375,OMR,Interior,AN,TT
Contra Costa PP Number 01,12/8/1992,933,5.9,96.70881536,OMR,Interior,AN,TT
Clifton Court Intake,12/10/1992,875,3.7,95.44056579,OMR,Interior,AN,TT
Middle River at Bacon Island Bridge,12/10/1992,686,4.4,95.44056579,OMR,Interior,AN,TT
Middle River at Bacon Island Bridge,1/13/1993,423,3.3,64.09402935,OMR,Interior,AN,TT
Contra Costa PP Number 01,1/13/1993,633,3.5,64.09402935,OMR,Interior,AN,TT
San Joaquin River @ Mossdale Bridge - C7A,1/13/1993,357,5.7,64.09402935,SJRcorridor,Interior,AN,TT
Little Connection Sl. @ Empire Tr.,1/13/1993,247,3.2,64.09402935,SJRcorridor,Interior,AN,TT
Old River nr Tracy,1/13/1993,332,5.5,64.09402935,SouthDelta,Interior,AN,TT
Grant Ln Can @ Tracy Rd Bdg,1/13/1993,376,5.7,64.09402935,SouthDelta,Interior,AN,TT
Middle River at Bacon Island Bridge,1/26/1993,373,5.5,53.01541285,OMR,Interior,AN,TT
Rock Slough @ Old River,1/27/1993,294,3.7,54.16889291,OMR,Interior,AN,TT
Old River North of Rock Slough (St 4b),1/27/1993,302,3.7,54.16889291,OMR,Interior,AN,TT
Middle River at Bacon Island Bridge,2/9/1993,320,3.3,67.78217395,OMR,Interior,AN,TT
Clifton Court Intake,2/9/1993,345,3.3,67.78217395,OMR,Interior,AN,TT
Contra Costa PP Number 01,2/10/1993,361,3.1,66.22571537,OMR,Interior,AN,TT
Middle River at Bacon Island Bridge,2/16/1993,524,5.2,58.91466321,OMR,Interior,AN,TT
Rock Slough @ Old River,2/18/1993,290,2.4,59.5796831,OMR,Interior,AN,TT
Middle River at Bacon Island Bridge,3/9/1993,471,3.8,59.04059358,OMR,Interior,AN,TT
Clifton Court Intake,3/9/1993,730,4,59.04059358,OMR,Interior,AN,TT
Contra Costa PP Number 01,3/11/1993,801,3.4,59.02850507,OMR,Interior,AN,TT
Old River North of Rock Slough (St 4b),3/23/1993,288,2.2,56.65439542,OMR,Interior,AN,TT
Rock Slough @ Old River,3/23/1993,301,2.3,56.65439542,OMR,Interior,AN,TT
Middle River at Bacon Island Bridge,3/25/1993,416,3,54.90975845,OMR,Interior,AN,TT
Clifton Court Intake,4/8/1993,400,2.6,54.30864006,OMR,Interior,AN,TT
Middle River at Bacon Island Bridge,4/8/1993,465,3.4,54.30864006,OMR,Interior,AN,TT
Rock Slough @ Old River,4/21/1993,211,1.7,62.38347365,OMR,Interior,AN,TT
Old River North of Rock Slough (St 4b),4/21/1993,212,1.7,62.38347365,OMR,Interior,AN,TT
Contra Costa PP Number 01,4/21/1993,265,1.8,62.38347365,OMR,Interior,AN,TT
Middle River at Bacon Island Bridge,4/21/1993,440,2.7,62.38347365,OMR,Interior,AN,TT
San Joaquin River @ Mossdale Bridge - C7A,4/21/1993,601,2.7,62.38347365,SJRcorridor,Interior,AN,TT
Little Connection Sl. @ Empire Tr.,4/21/1993,145,1.2,62.38347365,SJRcorridor,Interior,AN,TT
Grant Ln Can @ Tracy Rd Bdg,4/21/1993,615,2.8,62.38347365,SouthDelta,Interior,AN,TT
Old River nr Tracy,4/21/1993,802,3.2,62.38347365,SouthDelta,Interior,AN,TT
Contra Costa PP Number 01,5/12/1993,410,2.1,63.16142825,OMR,Interior,AN,TT
Clifton Court Intake,5/13/1993,456,2,61.911538,OMR,Interior,AN,TT
Middle River at Bacon Island Bridge,5/13/1993,411,2.4,61.911538,OMR,Interior,AN,TT
Contra Costa PP Number 01,6/8/1993,250,1.5,57.7015985,OMR,Interior,AN,TT
Clifton Court Intake,6/10/1993,301,1.7,57.844797,OMR,Interior,AN,TT
Middle River at Bacon Island Bridge,6/10/1993,337,2,57.844797,OMR,Interior,AN,TT
Old River North of Rock Slough (St 4b),7/8/1993,148,1.2,75.05380959,OMR,Interior,AN,TT
Rock Slough @ Old River,7/8/1993,156,1.2,75.05380959,OMR,Interior,AN,TT
Contra Costa PP Number 01,7/8/1993,159,1.3,75.05380959,OMR,Interior,AN,TT
Middle River at Bacon Island Bridge,7/8/1993,203,1.4,75.05380959,OMR,Interior,AN,TT
San Joaquin River @ Mossdale Bridge - C7A,7/8/1993,842,3,75.05380959,SJRcorridor,Interior,AN,TT
Little Connection Sl. @ Empire Tr.,7/8/1993,120,1,75.05380959,SJRcorridor,Interior,AN,TT
Grant Ln Can @ Tracy Rd Bdg,7/8/1993,855,3.2,75.05380959,SouthDelta,Interior,AN,TT
Old River nr Tracy,7/8/1993,950,3.3,75.05380959,SouthDelta,Interior,AN,TT
Middle River at Bacon Island Bridge,7/20/1993,161,1.4,75.81769133,OMR,Interior,AN,TT
Clifton Court Intake,7/20/1993,166,1.4,75.81769133,OMR,Interior,AN,TT
Contra Costa PP Number 01,7/22/1993,159,1.1,69.41514716,OMR,Interior,AN,TT
Middle River at Bacon Island Bridge,8/10/1993,147,1.1,70.9026113,OMR,Interior,AN,TT
Clifton Court Intake,8/10/1993,348,1.8,70.9026113,OMR,Interior,AN,TT
Contra Costa PP Number 01,8/12/1993,185,1.2,71.58781984,OMR,Interior,AN,TT
Middle River at Bacon Island Bridge,9/1/1993,175,1.3,78.41118016,OMR,Interior,AN,TT
Contra Costa PP Number 01,9/1/1993,205,1.3,78.41118016,OMR,Interior,AN,TT
Old River North of Rock Slough (St 4b),9/1/1993,212,1.5,78.41118016,OMR,Interior,AN,TT
Rock Slough @ Old River,9/1/1993,216,1.6,78.41118016,OMR,Interior,AN,TT
San Joaquin River @ Mossdale Bridge - C7A,9/1/1993,349,1.8,78.41118016,SJRcorridor,Interior,AN,TT
Little Connection Sl. @ Empire Tr.,9/1/1993,162,1.2,78.41118016,SJRcorridor,Interior,AN,TT
Grant Ln Can @ Tracy Rd Bdg,9/1/1993,386,2,78.41118016,SouthDelta,Interior,AN,TT
Old River nr Tracy,9/1/1993,530,2.5,78.41118016,SouthDelta,Interior,AN,TT
Clifton Court Intake,9/21/1993,245,1.6,80.87356521,OMR,Interior,AN,TT
Middle River at Bacon Island Bridge,9/21/1993,275,2.1,80.87356521,OMR,Interior,AN,TT
Contra Costa PP Number 01,9/23/1993,285,1.6,83.44869348,OMR,Interior,AN,TT
Contra Costa PP Number 01,10/5/1993,368,2,83.89162437,OMR,Interior,C,TT
Clifton Court Intake,10/14/1993,287,2.1,84.61138109,OMR,Interior,C,TT
Middle River at Bacon Island Bridge,10/14/1993,295,2.7,84.61138109,OMR,Interior,C,TT
Middle River at Bacon Island Bridge,10/20/1993,287,2.1,84.89979461,OMR,Interior,C,TT
Rock Slough @ Old River,10/20/1993,425,2.2,84.89979461,OMR,Interior,C,TT
Contra Costa PP Number 01,10/20/1993,458,2.6,84.89979461,OMR,Interior,C,TT
Old River North of Rock Slough (St 4b),10/20/1993,436,2.8,84.89979461,OMR,Interior,C,TT
San Joaquin River @ Mossdale Bridge - C7A,10/20/1993,245,1.4,84.89979461,SJRcorridor,Interior,C,TT
Little Connection Sl. @ Empire Tr.,10/20/1993,151,1.1,84.89979461,SJRcorridor,Interior,C,TT
Grant Ln Can @ Tracy Rd Bdg,10/20/1993,244,1.4,84.89979461,SouthDelta,Interior,C,TT
Old River nr Tracy,10/20/1993,249,1.5,84.89979461,SouthDelta,Interior,C,TT
Grant Line/Fabian/Bell Canals nr Old R.,10/20/1993,318,2.4,84.89979461,SouthDelta,Interior,C,TT
Middle River at Bacon Island Bridge,11/10/1993,293,2.2,87.72748074,OMR,Interior,C,TT
Clifton Court Intake,11/10/1993,418,2.7,87.72748074,OMR,Interior,C,TT
Contra Costa PP Number 01,11/17/1993,647,4,88.13138401,OMR,Interior,C,TT
Middle River at Bacon Island Bridge,12/15/1993,305,2.3,84.34978841,OMR,Interior,C,TT
Clifton Court Intake,12/15/1993,490,3.5,84.34978841,OMR,Interior,C,TT
Contra Costa PP Number 01,12/16/1993,566,3.8,82.70555681,OMR,Interior,C,TT
Contra Costa PP Number 01,1/5/1994,403,2.8,81.23635172,OMR,Interior,C,TT
Middle River at Bacon Island Bridge,1/12/1994,311,2.3,82.38546939,OMR,Interior,C,TT
Old River North of Rock Slough (St 4b),1/12/1994,337,2.6,82.38546939,OMR,Interior,C,TT
Rock Slough @ Old River,1/12/1994,341,2.6,82.38546939,OMR,Interior,C,TT
Contra Costa PP Number 01,1/12/1994,482,2.9,82.38546939,OMR,Interior,C,TT
San Joaquin River @ Mossdale Bridge - C7A,1/12/1994,731,2.6,82.38546939,SJRcorridor,Interior,C,TT
Little Connection Sl. @ Empire Tr.,1/12/1994,227,1.7,82.38546939,SJRcorridor,Interior,C,TT
Grant Ln Can @ Tracy Rd Bdg,1/12/1994,726,2.5,82.38546939,SouthDelta,Interior,C,TT
Old River nr Tracy,1/12/1994,771,3,82.38546939,SouthDelta,Interior,C,TT
Middle River at Bacon Island Bridge,1/19/1994,356,2.6,80.49647088,OMR,Interior,C,TT
Clifton Court Intake,1/19/1994,367,2.6,80.49647088,OMR,Interior,C,TT
Contra Costa PP Number 01,2/9/1994,388,2.6,80.94524586,OMR,Interior,C,TT
Rock Slough @ Old River,2/17/1994,370,2.5,75.37363149,OMR,Interior,C,TT
Clifton Court Intake,2/17/1994,415,2.7,75.37363149,OMR,Interior,C,TT
Middle River at Bacon Island Bridge,2/17/1994,482,3,75.37363149,OMR,Interior,C,TT
Rock Slough @ Old River,3/24/1994,328,2.2,72.52425966,OMR,Interior,C,TT
Clifton Court Intake,3/24/1994,437,2.7,72.52425966,OMR,Interior,C,TT
Middle River at Bacon Island Bridge,3/24/1994,516,3.2,72.52425966,OMR,Interior,C,TT
Old River North of Rock Slough (St 4b),4/20/1994,348,2.2,78.884997,OMR,Interior,C,TT
Rock Slough @ Old River,4/20/1994,357,2.2,78.884997,OMR,Interior,C,TT
Contra Costa PP Number 01,4/20/1994,375,2.3,78.884997,OMR,Interior,C,TT
Middle River at Bacon Island Bridge,4/20/1994,441,2.5,78.884997,OMR,Interior,C,TT
San Joaquin River @ Mossdale Bridge - C7A,4/20/1994,880,3.4,78.884997,SJRcorridor,Interior,C,TT
Little Connection Sl. @ Empire Tr.,4/20/1994,236,1.6,78.884997,SJRcorridor,Interior,C,TT
Grant Ln Can @ Tracy Rd Bdg,4/20/1994,824,3.1,78.884997,SouthDelta,Interior,C,TT
Old River nr Tracy,4/20/1994,942,3.2,78.884997,SouthDelta,Interior,C,TT
Grant Line/Fabian/Bell Canals nr Old R.,4/20/1994,922,3.3,78.884997,SouthDelta,Interior,C,TT
Rock Slough @ Old River,5/19/1994,395,2.3,76.51544974,OMR,Interior,C,TT
Middle River at Bacon Island Bridge,5/19/1994,499,2.5,76.51544974,OMR,Interior,C,TT
Clifton Court Intake,5/19/1994,599,2.9,76.51544974,OMR,Interior,C,TT
Contra Costa PP Number 01,5/26/1994,427,2.5,79.98947042,OMR,Interior,C,TT
Contra Costa PP Number 01,6/16/1994,407,2.6,86.55672415,OMR,Interior,C,TT
Middle River at Bacon Island Bridge,6/22/1994,389,2.3,89.49535368,OMR,Interior,C,TT
Clifton Court Intake,6/22/1994,450,2.5,89.49535368,OMR,Interior,C,TT
Rock Slough @ Old River,6/22/1994,450,2.6,89.49535368,OMR,Interior,C,TT
Middle River at Bacon Island Bridge,7/20/1994,365,2.5,90.6143213,OMR,Interior,C,TT
Old River North of Rock Slough (St 4b),7/20/1994,690,4.4,90.6143213,OMR,Interior,C,TT
Rock Slough @ Old River,7/20/1994,692,4.4,90.6143213,OMR,Interior,C,TT
Contra Costa PP Number 01,7/20/1994,666,4.5,90.6143213,OMR,Interior,C,TT
San Joaquin River @ Mossdale Bridge - C7A,7/20/1994,942,3.2,90.6143213,SJRcorridor,Interior,C,TT
Little Connection Sl. @ Empire Tr.,7/20/1994,248,1.6,90.6143213,SJRcorridor,Interior,C,TT
Grant Line/Fabian/Bell Canals nr Old R.,7/20/1994,852,3.5,90.6143213,SouthDelta,Interior,C,TT
Old River nr Tracy,7/20/1994,997,3.7,90.6143213,SouthDelta,Interior,C,TT
Grant Ln Can @ Tracy Rd Bdg,7/20/1994,956,3.9,90.6143213,SouthDelta,Interior,C,TT
Contra Costa PP Number 01,8/23/1994,703,4.4,91.93258472,OMR,Interior,C,TT
Middle River at Bacon Island Bridge,8/25/1994,336,2.2,90.48799198,OMR,Interior,C,TT
Clifton Court Intake,8/25/1994,597,3.9,90.48799198,OMR,Interior,C,TT
Rock Slough @ Old River,8/25/1994,805,5.2,90.48799198,OMR,Interior,C,TT
Contra Costa PP Number 01,9/20/1994,935,5.6,92.37559029,OMR,Interior,C,TT
Middle River at Bacon Island Bridge,9/22/1994,407,2.7,90.04354307,OMR,Interior,C,TT
Clifton Court Intake,9/22/1994,667,4,90.04354307,OMR,Interior,C,TT
Rock Slough @ Old River,9/22/1994,988,6.1,90.04354307,OMR,Interior,C,TT
Contra Costa PP Number 01,10/13/1994,569,3.3,90.78710967,OMR,Interior,W,TT
Clifton Court Intake,10/20/1994,451,3,92.73586707,OMR,Interior,W,TT
Middle River at Bacon Island Bridge,10/20/1994,464,3.3,92.73586707,OMR,Interior,W,TT
Rock Slough @ Old River,10/20/1994,636,4.1,92.73586707,OMR,Interior,W,TT
Contra Costa PP Number 01,11/9/1994,988,9.1,92.63852791,OMR,Interior,W,TT
San Joaquin River @ Mossdale Bridge - C7A,11/17/1994,796,2.6,91.53716312,SJRcorridor,Interior,W,TT
Contra Costa PP Number 01,12/13/1994,814,6.3,82.54298007,OMR,Interior,W,TT
San Joaquin River @ Mossdale Bridge - C7A,12/20/1994,946,4,81.11970496,SJRcorridor,Interior,W,TT
Contra Costa PP Number 01,1/17/1995,709,4.8,46.35508675,OMR,Interior,W,TT
San Joaquin River @ Mossdale Bridge - C7A,1/26/1995,383,6.4,53.05662006,SJRcorridor,Interior,W,TT
Contra Costa PP Number 01,2/6/1995,533,3.8,48.45038827,OMR,Interior,W,TT
San Joaquin River @ Mossdale Bridge - C7A,2/16/1995,487,2.5,49.77058978,SJRcorridor,Interior,W,TT
Contra Costa PP Number 01,3/13/1995,322,2.4,37.53111646,OMR,Interior,W,TT
San Joaquin River @ Mossdale Bridge - C7A,3/20/1995,301,3.4,35.26878783,SJRcorridor,Interior,W,TT
Contra Costa PP Number 01,4/10/1995,635,3.1,50.51772825,OMR,Interior,W,TT
San Joaquin River @ Mossdale Bridge - C7A,4/24/1995,184,1.4,55.06228913,SJRcorridor,Interior,W,TT
Contra Costa PP Number 01,5/10/1995,307,1.6,49.34111805,OMR,Interior,W,TT
San Joaquin River @ Mossdale Bridge - C7A,5/18/1995,143,1.2,50.95156216,SJRcorridor,Interior,W,TT
Contra Costa PP Number 01,6/14/1995,214,1.4,58.38588799,OMR,Interior,W,TT
San Joaquin River @ Mossdale Bridge - C7A,6/22/1995,240,1.5,57.6171137,SJRcorridor,Interior,W,TT
Contra Costa PP Number 01,7/12/1995,146,1.2,65.49822638,OMR,Interior,W,TT
San Joaquin River @ Mossdale Bridge - C7A,7/20/1995,218,1.5,58.74876866,SJRcorridor,Interior,W,TT
Contra Costa PP Number 01,8/9/1995,150,1,68.77947219,OMR,Interior,W,TT
San Joaquin River @ Mossdale Bridge - C7A,8/17/1995,633,2.4,74.57233985,SJRcorridor,Interior,W,TT
Contra Costa PP Number 01,9/6/1995,187,1.2,67.21706163,OMR,Interior,W,TT
San Joaquin River @ Mossdale Bridge - C7A,9/14/1995,387,1.8,67.19233682,SJRcorridor,Interior,W,TT
Contra Costa PP Number 01,10/11/1995,193,2.3,69.40952731,OMR,Interior,W,TT
San Joaquin River @ Mossdale Bridge - C7A,10/19/1995,202,1.4,74.05131326,SJRcorridor,Interior,W,TT
Contra Costa PP Number 01,11/8/1995,200,1.2,81.20170079,OMR,Interior,W,TT
San Joaquin River @ Mossdale Bridge - C7A,11/16/1995,750,3,79.55759468,SJRcorridor,Interior,W,TT
Contra Costa PP Number 01,12/6/1995,213,1.4,79.32528838,OMR,Interior,W,TT
San Joaquin River @ Mossdale Bridge - C7A,12/7/1995,746,2.5,79.94458802,SJRcorridor,Interior,W,TT
Contra Costa PP Number 01,1/10/1996,303,1.9,68.97868863,OMR,Interior,W,TT
San Joaquin River @ Mossdale Bridge - C7A,1/18/1996,946,3.1,81.11891586,SJRcorridor,Interior,W,TT
Contra Costa PP Number 01,2/8/1996,397,2.3,47.52751567,OMR,Interior,W,TT
San Joaquin River @ Mossdale Bridge - C7A,2/15/1996,290,1.6,53.64428507,SJRcorridor,Interior,W,TT
Contra Costa PP Number 01,3/7/1996,898,3,46.46251523,OMR,Interior,W,TT
San Joaquin River @ Mossdale Bridge - C7A,3/14/1996,253,1.8,48.94207006,SJRcorridor,Interior,W,TT
Contra Costa PP Number 01,4/4/1996,554,1.7,58.29157662,OMR,Interior,W,TT
San Joaquin River @ Mossdale Bridge - C7A,4/11/1996,413,1.8,53.46132043,SJRcorridor,Interior,W,TT
Contra Costa PP Number 01,5/2/1996,516,1.9,66.95278638,OMR,Interior,W,TT
San Joaquin River @ Mossdale Bridge - C7A,5/9/1996,336,1.6,62.32099718,SJRcorridor,Interior,W,TT
Contra Costa PP Number 01,6/6/1996,277,1.8,61.33562885,OMR,Interior,W,TT
San Joaquin River @ Mossdale Bridge - C7A,6/13/1996,592,2.2,65.4871296,SJRcorridor,Interior,W,TT
Contra Costa PP Number 01,7/11/1996,175,1.3,75.57077698,OMR,Interior,W,TT
San Joaquin River @ Mossdale Bridge - C7A,7/18/1996,774,2.7,73.33974661,SJRcorridor,Interior,W,TT
San Joaquin River @ Mossdale Bridge - C7A,8/15/1996,747,2.9,77.45680181,SJRcorridor,Interior,W,TT
Contra Costa PP Number 01,9/5/1996,283,1.8,73.8076039,OMR,Interior,W,TT
San Joaquin River @ Mossdale Bridge - C7A,9/12/1996,666,3,76.73553471,SJRcorridor,Interior,W,TT
Contra Costa PP Number 01,10/3/1996,292,2.5,81.93439648,OMR,Interior,W,TT
San Joaquin River @ Mossdale Bridge - C7A,10/10/1996,609,2.6,83.55493234,SJRcorridor,Interior,W,TT
Contra Costa PP Number 01,11/7/1996,495,2.5,84.27562766,OMR,Interior,W,TT
San Joaquin River @ Mossdale Bridge - C7A,11/14/1996,690,2.5,87.30019572,SJRcorridor,Interior,W,TT
Contra Costa PP Number 01,12/5/1996,688,3.8,78.03491703,OMR,Interior,W,TT
San Joaquin River @ Mossdale Bridge - C7A,12/12/1996,220,4.3,67.9766535,SJRcorridor,Interior,W,TT
Contra Costa PP Number 01,1/9/1997,427,2.8,31.8495819,OMR,Interior,W,TT
San Joaquin River @ Mossdale Bridge - C7A,2/13/1997,185,1.4,47.19212894,SJRcorridor,Interior,W,TT
Contra Costa PP Number 01,3/12/1997,314,1.7,55.67296976,OMR,Interior,W,TT
San Joaquin River @ Mossdale Bridge - C7A,3/13/1997,338,1.9,55.45327752,SJRcorridor,Interior,W,TT
San Joaquin River @ Mossdale Bridge - C7A,4/9/1997,788,2.9,73.79612645,SJRcorridor,Interior,W,TT
Contra Costa PP Number 01,4/10/1997,272,1.6,73.77999403,OMR,Interior,W,TT
Contra Costa PP Number 01,5/13/1997,363,2.3,71.63203277,OMR,Interior,W,TT
San Joaquin River @ Mossdale Bridge - C7A,5/13/1997,346,2,71.63203277,SJRcorridor,Interior,W,TT
Contra Costa PP Number 01,6/4/1997,294,1.6,78.50514499,OMR,Interior,W,TT
San Joaquin River @ Mossdale Bridge - C7A,6/4/1997,560,1.7,78.50514499,SJRcorridor,Interior,W,TT
Contra Costa PP Number 01,7/1/1997,249,2,78.99333076,OMR,Interior,W,TT
San Joaquin River @ Mossdale Bridge - C7A,7/2/1997,620,2.6,78.23532434,SJRcorridor,Interior,W,TT
Contra Costa PP Number 01,8/6/1997,267,2.1,77.35304839,OMR,Interior,W,TT
San Joaquin River @ Mossdale Bridge - C7A,8/7/1997,663,3.3,77.94958475,SJRcorridor,Interior,W,TT
Contra Costa PP Number 01,9/2/1997,269,1.4,77.2650624,OMR,Interior,W,TT
San Joaquin River @ Mossdale Bridge - C7A,9/2/1997,671,2,77.2650624,SJRcorridor,Interior,W,TT
Contra Costa PP Number 01,10/7/1997,640,6.08,90.04861349,OMR,Interior,W,TT
Contra Costa PP Number 01,11/5/1997,948,5.11,91.80829068,OMR,Interior,W,TT
Contra Costa PP Number 01,12/10/1997,1080,4.66,71.95083355,OMR,Interior,W,TT
Contra Costa PP Number 01,1/6/1998,920,3.69,80.42409534,OMR,Interior,W,TT
Contra Costa PP Number 01,2/5/1998,879,3.85,41.15155574,OMR,Interior,W,TT
Contra Costa PP Number 01,3/3/1998,1100,4.64,46.174655,OMR,Interior,W,TT
Contra Costa PP Number 01,7/8/1998,233,1.6,56.61660003,OMR,Interior,W,TT
Contra Costa PP Number 01,8/5/1998,190,1.7,70.95431958,OMR,Interior,W,TT
Contra Costa PP Number 01,9/2/1998,161,1.5,67.79734317,OMR,Interior,W,TT
Contra Costa PP Number 01,10/14/1998,208,1.4,70.16642583,OMR,Interior,W,TT
Contra Costa PP Number 01,11/4/1998,190,1.5,78.12007996,OMR,Interior,W,TT
Contra Costa PP Number 01,12/2/1998,289,1.6,64.89739823,OMR,Interior,W,TT
Contra Costa PP Number 01,1/6/1999,459,2.8,64.63920091,OMR,Interior,W,TT
Contra Costa PP Number 01,2/3/1999,352,1.8,51.6298188,OMR,Interior,W,TT
Contra Costa PP Number 01,4/8/1999,324,1.5,57.34361395,OMR,Interior,W,TT
Contra Costa PP Number 01,5/5/1999,451,3,57.23000982,OMR,Interior,W,TT
Contra Costa PP Number 01,6/2/1999,288,1.7,67.44761682,OMR,Interior,W,TT
Contra Costa PP Number 01,7/8/1999,211,1.4,73.33227294,OMR,Interior,W,TT
Contra Costa PP Number 01,8/5/1999,218,0.9,71.77110367,OMR,Interior,W,TT
Contra Costa PP Number 01,10/7/1999,892,3.5,85.55971154,OMR,Interior,AN,TT
Contra Costa PP Number 01,12/7/1999,1390,3.5,84.3486242,OMR,Interior,AN,TT
Contra Costa PP Number 01,1/4/2000,1186,4.5,80.55744457,OMR,Interior,AN,TT
Contra Costa PP Number 01,2/8/2000,385,4,57.61717763,OMR,Interior,AN,TT
Contra Costa PP Number 01,3/7/2000,1125,4.3,48.16682697,OMR,Interior,AN,TT
Contra Costa PP Number 01,4/4/2000,391,1.6,70.46558651,OMR,Interior,AN,TT
Contra Costa PP Number 01,5/2/2000,381,1.5,63.70366373,OMR,Interior,AN,TT
Contra Costa PP Number 01,6/6/2000,254,1.4,72.94579268,OMR,Interior,AN,TT
Contra Costa PP Number 01,7/3/2000,229,1.5,80.70368222,OMR,Interior,AN,TT
Contra Costa PP Number 01,8/2/2000,244,1.4,77.4197889,OMR,Interior,AN,TT
Contra Costa PP Number 01,10/3/2000,548,3.2,87.25802224,OMR,Interior,AN,TT
Contra Costa PP Number 01,11/7/2000,668,3.7,84.3926938,OMR,Interior,AN,TT
Contra Costa PP Number 01,1/8/2001,1030,5.1,94.68792213,OMR,Interior,D,TT
Contra Costa PP Number 01,2/6/2001,943,4.4,82.30525912,OMR,Interior,D,TT
Contra Costa PP Number 01,3/6/2001,753,3.2,70.05240742,OMR,Interior,D,TT
Contra Costa PP Number 01,4/4/2001,341,2.1,72.87905364,OMR,Interior,D,TT
Contra Costa PP Number 01,6/6/2001,335,2.1,80.28545946,OMR,Interior,D,TT
Contra Costa PP Number 01,11/6/2001,898,5,92.77803114,OMR,Interior,D,TT
Contra Costa PP Number 01,12/3/2001,750,4.2,82.50576236,OMR,Interior,D,TT
Contra Costa PP Number 01,1/8/2002,616,3.4,54.28372948,OMR,Interior,D,TT
Contra Costa PP Number 01,2/5/2002,385,2.2,70.70857903,OMR,Interior,D,TT
Contra Costa PP Number 01,4/2/2002,295,1.6,71.94484474,OMR,Interior,D,TT
Contra Costa PP Number 01,5/6/2002,350,1.7,71.01564345,OMR,Interior,D,TT
Contra Costa PP Number 01,6/4/2002,330,1.6,69.35185908,OMR,Interior,D,TT
Contra Costa PP Number 01,7/2/2002,262,1.6,80.39099747,OMR,Interior,D,TT
Contra Costa PP Number 01,8/5/2002,665,3.9,83.27712196,OMR,Interior,D,TT
Contra Costa PP Number 01,9/4/2002,854,4.6,88.12309273,OMR,Interior,D,TT
Contra Costa PP Number 01,10/8/2002,1120,5.6,89.3846487,OMR,Interior,AN,TT
Contra Costa PP Number 01,11/5/2002,874,4.2,91.73476989,OMR,Interior,AN,TT
Contra Costa PP Number 01,12/3/2002,850,3.7,93.0185482,OMR,Interior,AN,TT
Contra Costa PP Number 01,1/7/2003,1010,4.8,51.99960319,OMR,Interior,AN,TT
Contra Costa PP Number 01,2/3/2003,1070,4.1,54.06515388,OMR,Interior,AN,TT
Contra Costa PP Number 01,3/3/2003,591,2.3,60.574921,OMR,Interior,AN,TT
Contra Costa PP Number 01,4/1/2003,663,2.1,69.81194277,OMR,Interior,AN,TT
Contra Costa PP Number 01,5/6/2003,330,1.6,51.50084909,OMR,Interior,AN,TT
Contra Costa PP Number 01,6/4/2003,293,1.7,66.71648137,OMR,Interior,AN,TT
Contra Costa PP Number 01,8/5/2003,348,2,69.2729812,OMR,Interior,AN,TT
Contra Costa PP Number 01,9/10/2003,388,2.3,81.97587927,OMR,Interior,AN,TT
Contra Costa PP Number 01,10/7/2003,604,3.4,88.64679121,OMR,Interior,BN,TT
Contra Costa PP Number 01,11/4/2003,673,3.6,88.40480968,OMR,Interior,BN,TT
Contra Costa PP Number 01,12/3/2003,724,3.9,87.61870823,OMR,Interior,BN,TT
Contra Costa PP Number 01,1/6/2004,784,4.3,55.58733795,OMR,Interior,BN,TT
Contra Costa PP Number 01,2/3/2004,322,2.1,71.8099759,OMR,Interior,BN,TT
Contra Costa PP Number 01,3/2/2004,500,2.1,49.65011755,OMR,Interior,BN,TT
Contra Costa PP Number 01,4/6/2004,238,1.3,69.18983307,OMR,Interior,BN,TT
Contra Costa PP Number 01,5/4/2004,233,1.2,76.25300399,OMR,Interior,BN,TT
Contra Costa PP Number 01,6/8/2004,308,1.9,86.24729429,OMR,Interior,BN,TT
Contra Costa PP Number 01,7/7/2004,430,2.4,83.05294294,OMR,Interior,BN,TT
Contra Costa PP Number 01,8/3/2004,470,2.6,81.28623188,OMR,Interior,BN,TT
Contra Costa PP Number 01,9/8/2004,540,3,83.45154489,OMR,Interior,BN,TT
Contra Costa PP Number 01,10/6/2004,730,4,80.20091081,OMR,Interior,AN,TT
Contra Costa PP Number 01,11/1/2004,765,3.8,83.50140273,OMR,Interior,AN,TT
Contra Costa PP Number 01,12/6/2004,579,3.4,88.99645057,OMR,Interior,AN,TT
Contra Costa PP Number 01,1/3/2005,640,4.2,63.06546569,OMR,Interior,AN,TT
Contra Costa PP Number 01,2/7/2005,379,2.8,66.68285541,OMR,Interior,AN,TT
Contra Costa PP Number 01,3/7/2005,654,2.6,57.47547175,OMR,Interior,AN,TT
Contra Costa PP Number 01,4/4/2005,499,2.4,55.79737907,OMR,Interior,AN,TT
Contra Costa PP Number 01,5/3/2005,346,1.9,60.83995013,OMR,Interior,AN,TT
Contra Costa PP Number 01,6/7/2005,256,1.6,54.24209382,OMR,Interior,AN,TT
Contra Costa PP Number 01,7/6/2005,151,1.1,69.97360216,OMR,Interior,AN,TT
Contra Costa PP Number 01,8/2/2005,196,1.4,80.7913406,OMR,Interior,AN,TT
Contra Costa PP Number 01,9/6/2005,418,2.6,83.07162013,OMR,Interior,AN,TT
Contra Costa PP Number 01,10/3/2005,504,2.9,81.90521431,OMR,Interior,W,TT
Contra Costa PP Number 01,11/7/2005,468,2.8,89.68142253,OMR,Interior,W,TT
Contra Costa PP Number 01,12/5/2005,660,3.7,82.80590189,OMR,Interior,W,TT
Contra Costa PP Number 01,1/3/2006,703,4.6,0,OMR,Interior,W,TT
Contra Costa PP Number 01,2/6/2006,491,3,52.81827396,OMR,Interior,W,TT
Contra Costa PP Number 01,3/6/2006,232,1.5,50.66954548,OMR,Interior,W,TT
Contra Costa PP Number 01,4/3/2006,428,1.8,47.97842568,OMR,Interior,W,TT
Middle River @ Union Point - P10A,7/5/2006,154,1.1,67.43685291,OMR,Interior,W,TT
Contra Costa PP Number 01,7/5/2006,162,1.2,67.43685291,OMR,Interior,W,TT
Middle River @ Union Point - P10A,7/5/2006,154,1.1,67.43685291,SouthDelta,Interior,W,TT
Middle River @ Union Point - P10A,8/2/2006,261,1.4,78.28975195,OMR,Interior,W,TT
Middle River @ Union Point - P10A,8/2/2006,261,1.4,78.28975195,SouthDelta,Interior,W,TT
Middle River @ Union Point - P10A,9/6/2006,240,1.3,78.70958184,OMR,Interior,W,TT
Middle River @ Union Point - P10A,9/6/2006,240,1.3,78.70958184,SouthDelta,Interior,W,TT
Contra Costa PP Number 01,10/3/2006,272,1.5,79.15994988,OMR,Interior,D,TT
Middle River @ Union Point - P10A,10/3/2006,253,1.6,79.15994988,OMR,Interior,D,TT
Middle River @ Union Point - P10A,10/3/2006,253,1.6,79.15994988,SouthDelta,Interior,D,TT
Middle River @ Union Point - P10A,11/7/2006,274,1.7,88.98570418,OMR,Interior,D,TT
Contra Costa PP Number 01,11/7/2006,302,1.7,88.98570418,OMR,Interior,D,TT
Middle River @ Union Point - P10A,11/7/2006,274,1.7,88.98570418,SouthDelta,Interior,D,TT
Middle River @ Union Point - P10A,12/5/2006,341,2.4,88.65054031,OMR,Interior,D,TT
Contra Costa PP Number 01,12/5/2006,461,2.8,88.65054031,OMR,Interior,D,TT
Middle River @ Union Point - P10A,12/5/2006,341,2.4,88.65054031,SouthDelta,Interior,D,TT
Middle River @ Union Point - P10A,1/2/2007,490,2.8,80.23657174,OMR,Interior,D,TT
Contra Costa PP Number 01,1/2/2007,704,4.3,80.23657174,OMR,Interior,D,TT
Middle River @ Union Point - P10A,1/2/2007,490,2.8,80.23657174,SouthDelta,Interior,D,TT
Middle River @ Union Point - P10A,2/6/2007,460,2.6,79.89948567,OMR,Interior,D,TT
Contra Costa PP Number 01,2/6/2007,456,2.8,79.89948567,OMR,Interior,D,TT
Middle River @ Union Point - P10A,2/6/2007,460,2.6,79.89948567,SouthDelta,Interior,D,TT
Contra Costa PP Number 01,3/5/2007,315,2.1,58.91442023,OMR,Interior,D,TT
Middle River @ Union Point - P10A,3/5/2007,485,2.4,58.91442023,OMR,Interior,D,TT
Middle River @ Union Point - P10A,3/5/2007,485,2.4,58.91442023,SouthDelta,Interior,D,TT
Contra Costa PP Number 01,4/2/2007,255,1.5,72.02877378,OMR,Interior,D,TT
Middle River @ Union Point - P10A,4/2/2007,318,2,72.02877378,OMR,Interior,D,TT
Middle River @ Union Point - P10A,4/2/2007,318,2,72.02877378,SouthDelta,Interior,D,TT
Contra Costa PP Number 01,5/2/2007,268,1.7,74.44600721,OMR,Interior,D,TT
Middle River @ Union Point - P10A,5/2/2007,346,2,74.44600721,OMR,Interior,D,TT
Middle River @ Union Point - P10A,5/2/2007,346,2,74.44600721,SouthDelta,Interior,D,TT
Middle River @ Union Point - P10A,6/4/2007,399,2.2,80.25338455,OMR,Interior,D,TT
Contra Costa PP Number 01,6/4/2007,324,2.3,80.25338455,OMR,Interior,D,TT
Middle River @ Union Point - P10A,6/4/2007,399,2.2,80.25338455,SouthDelta,Interior,D,TT
Middle River @ Union Point - P10A,7/2/2007,303,1.8,80.94470218,OMR,Interior,D,TT
Contra Costa PP Number 01,7/2/2007,264,2,80.94470218,OMR,Interior,D,TT
Middle River @ Union Point - P10A,7/2/2007,303,1.8,80.94470218,SouthDelta,Interior,D,TT
Middle River @ Union Point - P10A,8/6/2007,277,1.8,84.7182393,OMR,Interior,D,TT
Contra Costa PP Number 01,8/6/2007,492,3,84.7182393,OMR,Interior,D,TT
Middle River @ Union Point - P10A,8/6/2007,277,1.8,84.7182393,SouthDelta,Interior,D,TT
Middle River @ Union Point - P10A,9/5/2007,364,2.3,85.25541551,OMR,Interior,D,TT
Contra Costa PP Number 01,9/5/2007,812,4.8,85.25541551,OMR,Interior,D,TT
Middle River @ Union Point - P10A,9/5/2007,364,2.3,85.25541551,SouthDelta,Interior,D,TT
Middle River @ Union Point - P10A,10/2/2007,335,2.2,87.02852586,OMR,Interior,C,TT
Contra Costa PP Number 01,10/2/2007,928,4.6,87.02852586,OMR,Interior,C,TT
Middle River @ Union Point - P10A,10/2/2007,335,2.2,87.02852586,SouthDelta,Interior,C,TT
Middle River @ Union Point - P10A,11/6/2007,427,2.8,89.58054651,OMR,Interior,C,TT
Contra Costa PP Number 01,11/6/2007,1048,4.9,89.58054651,OMR,Interior,C,TT
Middle River @ Union Point - P10A,11/6/2007,427,2.8,89.58054651,SouthDelta,Interior,C,TT
Middle River @ Union Point - P10A,12/4/2007,348,2.5,87.28423839,OMR,Interior,C,TT
Contra Costa PP Number 01,12/4/2007,1212,4.5,87.28423839,OMR,Interior,C,TT
Middle River @ Union Point - P10A,12/4/2007,348,2.5,87.28423839,SouthDelta,Interior,C,TT
Middle River @ Union Point - P10A,1/3/2008,544,3.8,83.34570353,OMR,Interior,C,TT
Middle River @ Union Point - P10A,1/3/2008,544,3.8,83.34570353,SouthDelta,Interior,C,TT
Contra Costa PP Number 01,2/5/2008,462,2.8,54.87619201,OMR,Interior,C,TT
Middle River @ Union Point - P10A,2/5/2008,456,3.6,54.87619201,OMR,Interior,C,TT
Middle River @ Union Point - P10A,2/5/2008,456,3.6,54.87619201,SouthDelta,Interior,C,TT
Contra Costa PP Number 01,3/4/2008,361,2.9,66.16351777,OMR,Interior,C,TT
Middle River @ Union Point - P10A,3/4/2008,374,3.4,66.16351777,OMR,Interior,C,TT
Middle River @ Union Point - P10A,3/4/2008,374,3.4,66.16351777,SouthDelta,Interior,C,TT
Contra Costa PP Number 01,4/8/2008,465,2.4,78.37516679,OMR,Interior,C,TT
Middle River @ Union Point - P10A,4/8/2008,492,2.7,78.37516679,OMR,Interior,C,TT
Middle River @ Union Point - P10A,4/8/2008,492,2.7,78.37516679,SouthDelta,Interior,C,TT
Contra Costa PP Number 01,5/6/2008,415,2.5,81.24308533,OMR,Interior,C,TT
Middle River @ Union Point - P10A,5/6/2008,503,2.8,81.24308533,OMR,Interior,C,TT
Middle River @ Union Point - P10A,5/6/2008,503,2.8,81.24308533,SouthDelta,Interior,C,TT
Contra Costa PP Number 01,6/2/2008,366,2.7,81.73068377,OMR,Interior,C,TT
Middle River @ Union Point - P10A,6/2/2008,435,2.9,81.73068377,OMR,Interior,C,TT
Middle River @ Union Point - P10A,6/2/2008,435,2.9,81.73068377,SouthDelta,Interior,C,TT
Contra Costa PP Number 01,7/1/2008,287,2.3,84.87243383,OMR,Interior,C,TT
Middle River @ Union Point - P10A,7/1/2008,318,2.4,84.87243383,OMR,Interior,C,TT
Middle River @ Union Point - P10A,7/1/2008,318,2.4,84.87243383,SouthDelta,Interior,C,TT
Middle River @ Union Point - P10A,8/5/2008,304,1.9,88.35573476,OMR,Interior,C,TT
Contra Costa PP Number 01,8/5/2008,492,3.4,88.35573476,OMR,Interior,C,TT
Middle River @ Union Point - P10A,8/5/2008,304,1.9,88.35573476,SouthDelta,Interior,C,TT
Middle River @ Union Point - P10A,9/2/2008,387,2.5,88.7732302,OMR,Interior,C,TT
Contra Costa PP Number 01,9/2/2008,744,4.4,88.7732302,OMR,Interior,C,TT
Middle River @ Union Point - P10A,9/2/2008,387,2.5,88.7732302,SouthDelta,Interior,C,TT
Middle River @ Union Point - P10A,10/1/2008,461,2.9,88.30977329,OMR,Interior,D,TT
Contra Costa PP Number 01,10/1/2008,870,5.1,88.30977329,OMR,Interior,D,TT
Middle River @ Union Point - P10A,10/1/2008,461,2.9,88.30977329,SouthDelta,Interior,D,TT
Middle River @ Union Point - P10A,11/3/2008,443,3.5,93.02142734,OMR,Interior,D,TT
Contra Costa PP Number 01,11/3/2008,642,4.1,93.02142734,OMR,Interior,D,TT
Middle River @ Union Point - P10A,11/3/2008,443,3.5,93.02142734,SouthDelta,Interior,D,TT
Contra Costa PP Number 01,12/2/2008,574,3.5,92.75840841,OMR,Interior,D,TT
Middle River @ Union Point - P10A,12/2/2008,511,3.7,92.75840841,OMR,Interior,D,TT
Middle River @ Union Point - P10A,12/2/2008,511,3.7,92.75840841,SouthDelta,Interior,D,TT
Grant Line Canal @ Tracy Blvd,12/11/2008,898,3.4,93.85276614,SouthDelta,Interior,D,TT
Old River @ Tracy Road Bridge - P12,12/11/2008,1047,3.5,93.85276614,SouthDelta,Interior,D,TT
Grant Line Canal @ Tracy Blvd,12/23/2008,928,3.6,91.80575032,SouthDelta,Interior,D,TT
Old River @ Tracy Road Bridge - P12,12/23/2008,1257,3.7,91.80575032,SouthDelta,Interior,D,TT
Middle River @ Union Point - P10A,1/6/2009,589,3.8,86.18470086,OMR,Interior,D,TT
Middle River @ Union Point - P10A,1/6/2009,589,3.8,86.18470086,SouthDelta,Interior,D,TT
Grant Line Canal @ Tracy Blvd,1/12/2009,1009,3.5,89.32251087,SouthDelta,Interior,D,TT
Old River @ Tracy Road Bridge - P12,1/12/2009,1092,3.7,89.32251087,SouthDelta,Interior,D,TT
Old River @ Tracy Road Bridge - P12,1/26/2009,995,3.2,88.07443799,SouthDelta,Interior,D,TT
Grant Line Canal @ Tracy Blvd,1/26/2009,952,3.5,88.07443799,SouthDelta,Interior,D,TT
Middle River @ Union Point - P10A,2/3/2009,633,4.5,84.30493265,OMR,Interior,D,TT
Contra Costa PP Number 01,2/3/2009,794,5.7,84.30493265,OMR,Interior,D,TT
Middle River @ Union Point - P10A,2/3/2009,633,4.5,84.30493265,SouthDelta,Interior,D,TT
Old River @ Tracy Road Bridge - P12,2/11/2009,1093,4,83.0036227,SouthDelta,Interior,D,TT
Grant Line Canal @ Tracy Blvd,2/11/2009,1068,4.2,83.0036227,SouthDelta,Interior,D,TT
Old River @ Tracy Road Bridge - P12,2/26/2009,911,3.6,60.14582078,SouthDelta,Interior,D,TT
Grant Line Canal @ Tracy Blvd,2/26/2009,840,3.7,60.14582078,SouthDelta,Interior,D,TT
Middle River @ Union Point - P10A,3/2/2009,583,3.8,65.57301543,OMR,Interior,D,TT
Middle River @ Union Point - P10A,3/2/2009,583,3.8,65.57301543,SouthDelta,Interior,D,TT
Old River @ Tracy Road Bridge - P12,3/9/2009,868,3.6,54.40866096,SouthDelta,Interior,D,TT
Grant Line Canal @ Tracy Blvd,3/9/2009,728,3.8,54.40866096,SouthDelta,Interior,D,TT
Grant Line Canal @ Tracy Blvd,3/23/2009,1156,4.2,67.34893515,SouthDelta,Interior,D,TT
Old River @ Tracy Road Bridge - P12,3/23/2009,1179,4.3,67.34893515,SouthDelta,Interior,D,TT
Middle River @ Union Point - P10A,4/7/2009,314,2.6,75.36176628,OMR,Interior,D,TT
Middle River @ Union Point - P10A,4/7/2009,314,2.6,75.36176628,SouthDelta,Interior,D,TT
Grant Line Canal @ Tracy Blvd,4/9/2009,844,3.4,75.01511525,SouthDelta,Interior,D,TT
Old River @ Tracy Road Bridge - P12,4/9/2009,1013,3.5,75.01511525,SouthDelta,Interior,D,TT
Grant Line Canal @ Tracy Blvd,4/23/2009,463,2.4,79.53429049,SouthDelta,Interior,D,TT
Old River @ Tracy Road Bridge - P12,4/23/2009,814,3.2,79.53429049,SouthDelta,Interior,D,TT
Middle River @ Union Point - P10A,5/5/2009,358,2.2,73.26168644,OMR,Interior,D,TT
Middle River @ Union Point - P10A,5/5/2009,358,2.2,73.26168644,SouthDelta,Interior,D,TT
Grant Line Canal @ Tracy Blvd,5/7/2009,425,2,68.40551796,SouthDelta,Interior,D,TT
Old River @ Tracy Road Bridge - P12,5/7/2009,554,2.2,68.40551796,SouthDelta,Interior,D,TT
Grant Line Canal @ Tracy Blvd,5/21/2009,353,1.7,75.54540529,SouthDelta,Interior,D,TT
Old River @ Tracy Road Bridge - P12,5/21/2009,488,2.2,75.54540529,SouthDelta,Interior,D,TT
Middle River @ Union Point - P10A,6/2/2009,336,2.2,74.90839371,OMR,Interior,D,TT
Middle River @ Union Point - P10A,6/2/2009,336,2.2,74.90839371,SouthDelta,Interior,D,TT
Grant Line Canal @ Tracy Blvd,6/8/2009,550,2.3,77.24823856,SouthDelta,Interior,D,TT
Old River @ Tracy Road Bridge - P12,6/8/2009,739,2.8,77.24823856,SouthDelta,Interior,D,TT
Middle River @ Union Point - P10A,7/7/2009,228,1.7,82.06398554,OMR,Interior,D,TT
Middle River @ Union Point - P10A,7/7/2009,228,1.7,82.06398554,SouthDelta,Interior,D,TT
Middle River @ Union Point - P10A,8/4/2009,265,1.7,84.14076361,OMR,Interior,D,TT
Middle River @ Union Point - P10A,8/4/2009,265,1.7,84.14076361,SouthDelta,Interior,D,TT
Middle River @ Union Point - P10A,9/9/2009,345,2.2,84.37552482,OMR,Interior,D,TT
Middle River @ Union Point - P10A,9/9/2009,345,2.2,84.37552482,SouthDelta,Interior,D,TT
Middle River @ Union Point - P10A,10/6/2009,411,2.9,87.99178837,OMR,Interior,BN,TT
Middle River @ Union Point - P10A,10/6/2009,411,2.9,87.99178837,SouthDelta,Interior,BN,TT
Middle River @ Union Point - P10A,11/3/2009,352,2.5,88.3635176,OMR,Interior,BN,TT
Middle River @ Union Point - P10A,11/3/2009,352,2.5,88.3635176,SouthDelta,Interior,BN,TT
Middle River @ Union Point - P10A,12/1/2009,320,2.3,92.29828513,OMR,Interior,BN,TT
Middle River @ Union Point - P10A,12/1/2009,320,2.3,92.29828513,SouthDelta,Interior,BN,TT
San Joaquin River @ Mossdale Bridge - C7A,12/12/2009,789,2.6,92.72553683,SJRcorridor,Interior,BN,TT
SAN JOAQUIN R A BRANDT BR        ,12/12/2009,766,2.6,92.72553683,SJRcorridor,Interior,BN,TT
Middle River @ Union Point - P10A,1/5/2010,466,3.6,86.26711441,OMR,Interior,BN,TT
Middle River @ Union Point - P10A,1/5/2010,466,3.6,86.26711441,SouthDelta,Interior,BN,TT
SAN JOAQUIN R A BRANDT BR        ,1/12/2010,928,2.8,91.08275529,SJRcorridor,Interior,BN,TT
San Joaquin River @ Mossdale Bridge - C7A,1/12/2010,1008,2.6,91.08275529,SJRcorridor,Interior,BN,TT
SAN JOAQUIN R A BRANDT BR        ,1/18/2010,945,2.5,86.04685619,SJRcorridor,Interior,BN,TT
San Joaquin River @ Mossdale Bridge - C7A,1/18/2010,848,2.6,86.04685619,SJRcorridor,Interior,BN,TT
San Joaquin River @ Mossdale Bridge - C7A,1/20/2010,778,2.6,82.2895829,SJRcorridor,Interior,BN,TT
SAN JOAQUIN R A BRANDT BR        ,1/20/2010,923,2.7,82.2895829,SJRcorridor,Interior,BN,TT
Middle River @ Union Point - P10A,2/2/2010,536,3.9,54.29400396,OMR,Interior,BN,TT
Middle River @ Union Point - P10A,2/2/2010,536,3.9,54.29400396,SouthDelta,Interior,BN,TT
Middle River @ Union Point - P10A,3/2/2010,483,3,63.81753273,OMR,Interior,BN,TT
Middle River @ Union Point - P10A,3/2/2010,483,3,63.81753273,SouthDelta,Interior,BN,TT
Middle River @ Union Point - P10A,4/6/2010,441,2.7,68.63765096,OMR,Interior,BN,TT
Middle River @ Union Point - P10A,4/6/2010,441,2.7,68.63765096,SouthDelta,Interior,BN,TT
Middle River @ Union Point - P10A,5/4/2010,400,1.8,57.05251942,OMR,Interior,BN,TT
Middle River @ Union Point - P10A,5/4/2010,400,1.8,57.05251942,SouthDelta,Interior,BN,TT
Middle River @ Union Point - P10A,6/8/2010,288,1.6,67.97063022,OMR,Interior,BN,TT
Middle River @ Union Point - P10A,6/8/2010,288,1.6,67.97063022,SouthDelta,Interior,BN,TT
Middle River @ Union Point - P10A,7/6/2010,241,1.6,80.72423904,OMR,Interior,BN,TT
Middle River @ Union Point - P10A,7/6/2010,241,1.6,80.72423904,SouthDelta,Interior,BN,TT
Middle River @ Union Point - P10A,8/2/2010,189,1,79.32890201,OMR,Interior,BN,TT
Middle River @ Union Point - P10A,8/2/2010,189,1,79.32890201,SouthDelta,Interior,BN,TT
Middle River @ Union Point - P10A,9/7/2010,294,2,86.84207092,OMR,Interior,BN,TT
Middle River @ Union Point - P10A,9/7/2010,294,2,86.84207092,SouthDelta,Interior,BN,TT
Middle River @ Union Point - P10A,10/5/2010,340,2.1,83.98583932,OMR,Interior,W,TT
Middle River @ Union Point - P10A,10/5/2010,340,2.1,83.98583932,SouthDelta,Interior,W,TT
Middle River @ Union Point - P10A,11/3/2010,334,2,84.63274041,OMR,Interior,W,TT
Middle River @ Union Point - P10A,11/3/2010,334,2,84.63274041,SouthDelta,Interior,W,TT
Middle River @ Union Point - P10A,12/6/2010,321,2.4,84.27592276,OMR,Interior,W,TT
Middle River @ Union Point - P10A,12/6/2010,321,2.4,84.27592276,SouthDelta,Interior,W,TT
Middle River @ Union Point - P10A,1/3/2011,274,2.7,53.33698971,OMR,Interior,W,TT
Middle River @ Union Point - P10A,1/3/2011,274,2.7,53.33698971,SouthDelta,Interior,W,TT
San Joaquin River at Holt Rd.,1/19/2011,247,2,66.73352135,SJRcorridor,Interior,W,TT
Middle River @ Union Point - P10A,2/7/2011,334,2.2,64.18410148,OMR,Interior,W,TT
Middle River @ Union Point - P10A,2/7/2011,334,2.2,64.18410148,SouthDelta,Interior,W,TT
Middle River @ Union Point - P10A,3/7/2011,372,1.6,56.35666923,OMR,Interior,W,TT
Middle River @ Union Point - P10A,3/7/2011,372,1.6,56.35666923,SouthDelta,Interior,W,TT
Middle River @ Union Point - P10A,4/4/2011,247,2.2,0,OMR,Interior,W,TT
Middle River @ Union Point - P10A,4/4/2011,247,2.2,0,SouthDelta,Interior,W,TT
Middle River @ Union Point - P10A,5/2/2011,199,1.6,57.60965856,OMR,Interior,W,TT
Middle River @ Union Point - P10A,5/2/2011,199,1.6,57.60965856,SouthDelta,Interior,W,TT
Middle River @ Union Point - P10A,6/6/2011,257,1.4,57.57300551,OMR,Interior,W,TT
Rock Slough at Delta Road Bridge,6/6/2011,259,1.5,57.57300551,OMR,Interior,W,TT
Middle River @ Union Point - P10A,6/6/2011,257,1.4,57.57300551,SouthDelta,Interior,W,TT
Rock Slough at Delta Road Bridge,7/5/2011,169,1.3,56.36389323,OMR,Interior,W,TT
Middle River @ Union Point - P10A,7/5/2011,184,1.4,56.36389323,OMR,Interior,W,TT
Middle River @ Union Point - P10A,7/5/2011,184,1.4,56.36389323,SouthDelta,Interior,W,TT
Middle River @ Union Point - P10A,10/7/2013,430,2.8,87.90258861,OMR,Interior,C,TT
Middle River @ Union Point - P10A,10/7/2013,430,2.8,87.90258861,SouthDelta,Interior,C,TT
Middle River @ Union Point - P10A,11/4/2013,463,3.1,90.34617646,OMR,Interior,C,TT
Middle River @ Union Point - P10A,11/4/2013,463,3.1,90.34617646,SouthDelta,Interior,C,TT
Middle River @ Union Point - P10A,12/2/2013,507,3.7,93.39492499,OMR,Interior,C,TT
Middle River @ Union Point - P10A,12/2/2013,507,3.7,93.39492499,SouthDelta,Interior,C,TT
Middle River @ Union Point - P10A,1/6/2014,601,4,92.33233742,OMR,Interior,C,TT
Middle River @ Union Point - P10A,1/6/2014,601,4,92.33233742,SouthDelta,Interior,C,TT
Middle River @ Union Point - P10A,2/3/2014,774,5.1,93.92384943,OMR,Interior,C,TT
Middle River @ Union Point - P10A,2/3/2014,774,5.1,93.92384943,SouthDelta,Interior,C,TT
Middle River @ Union Point - P10A,3/3/2014,725,4.4,80.57624471,OMR,Interior,C,TT
Middle River @ Union Point - P10A,3/3/2014,725,4.4,80.57624471,SouthDelta,Interior,C,TT
Middle River @ Union Point - P10A,4/7/2014,459,3,75.44547873,OMR,Interior,C,TT
Middle River @ Union Point - P10A,4/7/2014,459,3,75.44547873,SouthDelta,Interior,C,TT
Middle River @ Union Point - P10A,5/5/2014,483,2.1,87.63000727,OMR,Interior,C,TT
Middle River @ Union Point - P10A,5/5/2014,483,2.1,87.63000727,SouthDelta,Interior,C,TT
Middle River @ Union Point - P10A,6/2/2014,436,2.6,93.56618111,OMR,Interior,C,TT
Middle River @ Union Point - P10A,6/2/2014,436,2.6,93.56618111,SouthDelta,Interior,C,TT
Middle River @ Union Point - P10A,7/7/2014,541,3.6,90.2187572,OMR,Interior,C,TT
Middle River @ Union Point - P10A,7/7/2014,541,3.6,90.2187572,SouthDelta,Interior,C,TT
Middle River @ Union Point - P10A,8/4/2014,490,3.4,88.73599436,OMR,Interior,C,TT
Middle River @ Union Point - P10A,8/4/2014,490,3.4,88.73599436,SouthDelta,Interior,C,TT
Middle River @ Union Point - P10A,9/2/2014,452,2.9,90.3346038,OMR,Interior,C,TT
Middle River @ Union Point - P10A,9/2/2014,452,2.9,90.3346038,SouthDelta,Interior,C,TT
Middle River @ Union Point - P10A,10/6/2014,503,3,94.77701545,OMR,Interior,C,TT
Middle River @ Union Point - P10A,10/6/2014,503,3,94.77701545,SouthDelta,Interior,C,TT
Middle River @ Union Point - P10A,11/3/2014,613,3.9,92.39401068,OMR,Interior,C,TT
Middle River @ Union Point - P10A,11/3/2014,613,3.9,92.39401068,SouthDelta,Interior,C,TT
Middle River @ Union Point - P10A,12/1/2014,542,3.7,93.6049299,OMR,Interior,C,TT
Middle River @ Union Point - P10A,12/1/2014,542,3.7,93.6049299,SouthDelta,Interior,C,TT
Middle River @ Union Point - P10A,1/5/2015,470,4,71.50190239,OMR,Interior,C,TT
Middle River @ Union Point - P10A,1/5/2015,470,4,71.50190239,SouthDelta,Interior,C,TT
Middle River @ Union Point - P10A,2/3/2015,415,3.4,87.92593622,OMR,Interior,C,TT
Middle River @ Union Point - P10A,2/3/2015,415,3.4,87.92593622,SouthDelta,Interior,C,TT
Middle River @ Union Point - P10A,3/2/2015,406,3,78.10690622,OMR,Interior,C,TT
Middle River @ Union Point - P10A,3/2/2015,406,3,78.10690622,SouthDelta,Interior,C,TT
Middle River @ Union Point - P10A,4/6/2015,419,3,88.0123047,OMR,Interior,C,TT
Middle River @ Union Point - P10A,4/6/2015,419,3,88.0123047,SouthDelta,Interior,C,TT
Middle River @ Union Point - P10A,5/4/2015,568,4.1,94.17154572,OMR,Interior,C,TT
Middle River @ Union Point - P10A,5/4/2015,568,4.1,94.17154572,SouthDelta,Interior,C,TT
Middle River @ Union Point - P10A,6/1/2015,697,4.5,93.2549537,OMR,Interior,C,TT
Middle River @ Union Point - P10A,6/1/2015,697,4.5,93.2549537,SouthDelta,Interior,C,TT
Middle River @ Union Point - P10A,7/6/2015,667,4.4,95.81957478,OMR,Interior,C,TT
Middle River @ Union Point - P10A,7/6/2015,667,4.4,95.81957478,SouthDelta,Interior,C,TT
Middle River @ Union Point - P10A,8/3/2015,648,4,95.38511805,OMR,Interior,C,TT
Middle River @ Union Point - P10A,8/3/2015,648,4,95.38511805,SouthDelta,Interior,C,TT
Middle River @ Union Point - P10A,9/9/2015,581,3.7,94.75346141,OMR,Interior,C,TT
Middle River @ Union Point - P10A,9/9/2015,581,3.7,94.75346141,SouthDelta,Interior,C,TT
Middle River @ Union Point - P10A,10/5/2015,616,3.7,94.93479848,OMR,Interior,BN,TT
Middle River @ Union Point - P10A,10/5/2015,616,3.7,94.93479848,SouthDelta,Interior,BN,TT
Middle River @ Union Point - P10A,11/2/2015,675,4.1,93.88533024,OMR,Interior,BN,TT
Middle River @ Union Point - P10A,11/2/2015,675,4.1,93.88533024,SouthDelta,Interior,BN,TT
Middle River @ Union Point - P10A,12/7/2015,710,4.6,94.9140377,OMR,Interior,BN,TT
Middle River @ Union Point - P10A,12/7/2015,710,4.6,94.9140377,SouthDelta,Interior,BN,TT
Middle River @ Union Point - P10A,1/4/2016,601,4.3,89.47617765,OMR,Interior,BN,TT
Middle River @ Union Point - P10A,1/4/2016,601,4.3,89.47617765,SouthDelta,Interior,BN,TT
Middle River @ Union Point - P10A,2/3/2016,488,4.4,59.65346245,OMR,Interior,BN,TT
Middle River @ Union Point - P10A,2/3/2016,488,4.4,59.65346245,SouthDelta,Interior,BN,TT
Middle River @ Union Point - P10A,3/10/2016,321,2.5,62.66343249,OMR,Interior,BN,TT
Middle River @ Union Point - P10A,3/10/2016,321,2.5,62.66343249,SouthDelta,Interior,BN,TT
Middle River @ Union Point - P10A,4/7/2016,328,3.7,66.37589317,OMR,Interior,BN,TT
Middle River @ Union Point - P10A,4/7/2016,328,3.7,66.37589317,SouthDelta,Interior,BN,TT
Middle River @ Union Point - P10A,5/3/2016,461,2.7,75.47029728,OMR,Interior,BN,TT
Middle River @ Union Point - P10A,5/3/2016,461,2.7,75.47029728,SouthDelta,Interior,BN,TT
Middle River @ Union Point - P10A,6/7/2016,319,1.9,82.94141541,OMR,Interior,BN,TT
Middle River @ Union Point - P10A,6/7/2016,319,1.9,82.94141541,SouthDelta,Interior,BN,TT
Middle River @ Union Point - P10A,7/6/2016,222,1.6,84.55059684,OMR,Interior,BN,TT
Middle River @ Union Point - P10A,7/6/2016,222,1.6,84.55059684,SouthDelta,Interior,BN,TT
Middle River @ Union Point - P10A,8/1/2016,207,1.4,83.57049111,OMR,Interior,BN,TT
Middle River @ Union Point - P10A,8/1/2016,207,1.4,83.57049111,SouthDelta,Interior,BN,TT
Middle River @ Union Point - P10A,9/7/2016,288,2,84.03725468,OMR,Interior,BN,TT
Middle River @ Union Point - P10A,9/7/2016,288,2,84.03725468,SouthDelta,Interior,BN,TT
Middle River @ Union Point - P10A,10/4/2016,387,2.3,86.5637221,OMR,Interior,W,TT
Middle River @ Union Point - P10A,10/4/2016,387,2.3,86.5637221,SouthDelta,Interior,W,TT
Middle River @ Union Point - P10A,11/7/2016,353,2.9,87.41045331,OMR,Interior,W,TT
Middle River @ Union Point - P10A,11/7/2016,353,2.9,87.41045331,SouthDelta,Interior,W,TT
Middle River @ Union Point - P10A,12/7/2016,398,2.9,83.68530205,OMR,Interior,W,TT
Middle River @ Union Point - P10A,12/7/2016,398,2.9,83.68530205,SouthDelta,Interior,W,TT
Middle River @ Union Point - P10A,1/9/2017,338,3.1,56.18463132,OMR,Interior,W,TT
Middle River @ Union Point - P10A,1/9/2017,338,3.1,56.18463132,SouthDelta,Interior,W,TT
Middle River @ Union Point - P10A,2/6/2017,258,2.8,50.46962633,OMR,Interior,W,TT
Middle River @ Union Point - P10A,2/6/2017,258,2.8,50.46962633,SouthDelta,Interior,W,TT
Middle River @ Union Point - P10A,3/8/2017,187,1.7,46.65054443,OMR,Interior,W,TT
Middle River @ Union Point - P10A,3/8/2017,187,1.7,46.65054443,SouthDelta,Interior,W,TT
Middle River @ Union Point - P10A,4/3/2017,201,1.5,49.18404199,OMR,Interior,W,TT
Middle River @ Union Point - P10A,4/3/2017,201,1.5,49.18404199,SouthDelta,Interior,W,TT
Middle River @ Union Point - P10A,5/3/2017,120,1.1,50.00669585,OMR,Interior,W,TT
Middle River @ Union Point - P10A,5/3/2017,120,1.1,50.00669585,SouthDelta,Interior,W,TT
Middle River @ Union Point - P10A,6/5/2017,177,1.4,57.96351261,OMR,Interior,W,TT
Middle River @ Union Point - P10A,6/5/2017,177,1.4,57.96351261,SouthDelta,Interior,W,TT
Middle River @ Union Point - P10A,7/10/2017,177,1.4,70.04911852,OMR,Interior,W,TT
Middle River @ Union Point - P10A,7/10/2017,177,1.4,70.04911852,SouthDelta,Interior,W,TT
Middle River @ Union Point - P10A,8/7/2017,217,1.4,80.74384873,OMR,Interior,W,TT
Middle River @ Union Point - P10A,8/7/2017,217,1.4,80.74384873,SouthDelta,Interior,W,TT
Middle River @ Union Point - P10A,9/7/2017,193,1.3,77.48586469,OMR,Interior,W,TT
Middle River @ Union Point - P10A,9/7/2017,193,1.3,77.48586469,SouthDelta,Interior,W,TT
Middle River @ Union Point - P10A,10/2/2017,186,1.5,77.2692402,OMR,Interior,BN,TT
Middle River @ Union Point - P10A,10/2/2017,186,1.5,77.2692402,SouthDelta,Interior,BN,TT
Middle River @ Union Point - P10A,12/4/2017,246,2,83.87250454,OMR,Interior,BN,TT
Middle River @ Union Point - P10A,12/4/2017,246,2,83.87250454,SouthDelta,Interior,BN,TT
Middle River @ Union Point - P10A,1/8/2018,456,2.9,84.74492337,OMR,Interior,BN,TT
Middle River @ Union Point - P10A,1/8/2018,456,2.9,84.74492337,SouthDelta,Interior,BN,TT
Middle River @ Union Point - P10A,2/5/2018,402,3.2,74.06112596,OMR,Interior,BN,TT
Middle River @ Union Point - P10A,2/5/2018,402,3.2,74.06112596,SouthDelta,Interior,BN,TT
Middle River @ Union Point - P10A,4/9/2018,358,2.8,54.04390508,OMR,Interior,BN,TT
Middle River @ Union Point - P10A,4/9/2018,358,2.8,54.04390508,SouthDelta,Interior,BN,TT
Middle River @ Union Point - P10A,5/7/2018,352,2,64.92049336,OMR,Interior,BN,TT
Middle River @ Union Point - P10A,5/7/2018,352,2,64.92049336,SouthDelta,Interior,BN,TT
Middle River @ Union Point - P10A,6/5/2018,284,2,74.73149108,OMR,Interior,BN,TT
Middle River @ Union Point - P10A,6/5/2018,284,2,74.73149108,SouthDelta,Interior,BN,TT
Middle River @ Union Point - P10A,7/9/2018,246,2,82.60710477,OMR,Interior,BN,TT
Middle River @ Union Point - P10A,7/9/2018,246,2,82.60710477,SouthDelta,Interior,BN,TT
Middle River @ Union Point - P10A,8/6/2018,197,1.45,82.35063213,OMR,Interior,BN,TT
Middle River @ Union Point - P10A,8/6/2018,197,1.45,82.35063213,SouthDelta,Interior,BN,TT
Middle River @ Union Point - P10A,9/10/2018,346,2.02,84.8982076,OMR,Interior,BN,TT
Middle River @ Union Point - P10A,9/10/2018,346,2.02,84.8982076,SouthDelta,Interior,BN,TT
C10A - San Joaquin River near Vernalis @ SJR Club,1/22/2018,640,2.5,73,SJRcorridor,Interior,BN,IT
Middle River @ Union Point - P10A,2/5/2018,395,3.2,73,OMR,Interior,BN,IT
C10A - San Joaquin River near Vernalis @ SJR Club,2/7/2018,670,2.5,72,SJRcorridor,Interior,BN,IT
C10A - San Joaquin River near Vernalis @ SJR Club,2/20/2018,494,1.9,73,SJRcorridor,Interior,BN,IT
Middle River @ Union Point - P10A,4/9/2018,365.4,2.8,56,OMR,Interior,BN,IT
C10A - San Joaquin River near Vernalis @ SJR Club,4/11/2018,178,1.6,58,SJRcorridor,Interior,BN,IT
C10A - San Joaquin River near Vernalis @ SJR Club,4/23/2018,284.2,1.7,62,SJRcorridor,Interior,BN,IT
Middle River @ Union Point - P10A,5/7/2018,354,2,66,OMR,Interior,BN,IT
C10A - San Joaquin River near Vernalis @ SJR Club,5/7/2018,132,0.9,66,SJRcorridor,Interior,BN,IT
C10A - San Joaquin River near Vernalis @ SJR Club,5/21/2018,192,1.4,73,SJRcorridor,Interior,BN,IT
C10A - San Joaquin River near Vernalis @ SJR Club,6/4/2018,441,1.9,73,SJRcorridor,Interior,BN,IT
Middle River @ Union Point - P10A,6/5/2018,286.4,2,73,OMR,Interior,BN,IT
Paradise Cut Upstream,1/15/2019,2111,6.25,77,SouthDelta,Interior,W,IT
Sugar Cut downstream of Tom Paine Slough,1/15/2019,1150,5.3,77,SouthDelta,Interior,W,IT
Paradise Cut,1/15/2019,811,4.46,77,SouthDelta,Interior,W,IT
Old River at Tracy Wildlife Association,1/15/2019,972,4.3,77,SouthDelta,Interior,W,IT
Grant Line Canal East,1/30/2019,879,4.6,63,SouthDelta,Interior,W,IT
Old River near Doughty Cut - ORX,1/30/2019,916,4.04,63,SouthDelta,Interior,W,IT
Old River below Headwaters,1/30/2019,932,4,63,SJRcorridor,Interior,W,IT
Middle River @ Union Point - P10A,2/4/2019,395.8,3.9,68,OMR,Interior,W,IT
Grant Line Canal East,5/1/2019,190.3,1.4,57,SouthDelta,Interior,W,IT
Old River near Doughty Cut - ORX,5/1/2019,184.9,1.3,57,SouthDelta,Interior,W,IT
Old River below Headwaters,5/1/2019,185.9,1.2,57,SJRcorridor,Interior,W,IT
Middle River @ Union Point - P10A,5/8/2019,265.1,1.6,58,OMR,Interior,W,IT
C10A - San Joaquin River near Vernalis @ SJR Club,5/8/2019,115.7,0.9,58,SJRcorridor,Interior,W,IT
Grant Line Canal East,5/29/2019,88.8,1.1,61,SouthDelta,Interior,W,IT
Old River near Doughty Cut - ORX,5/29/2019,82.3,1,61,SouthDelta,Interior,W,IT
Old River below Headwaters,5/29/2019,78.3,0.873,61,SJRcorridor,Interior,W,IT
C10A - San Joaquin River near Vernalis @ SJR Club,6/6/2019,77.8,1.3,57,SJRcorridor,Interior,W,IT
Middle River @ Union Point - P10A,6/6/2019,173,1.29,57,OMR,Interior,W,IT
Paradise Cut Upstream,6/12/2019,233.8,1.49,62,SouthDelta,Interior,W,IT
Old River at Tracy Wildlife Association,6/12/2019,105.4,1.3,62,SouthDelta,Interior,W,IT
Sugar Cut downstream of Tom Paine Slough,6/25/2019,125.7,1.2,67,SouthDelta,Interior,W,IT
Grant Line Canal East,6/25/2019,106,1.1,67,SouthDelta,Interior,W,IT
Old River near Doughty Cut - ORX,6/25/2019,105.1,1.1,67,SouthDelta,Interior,W,IT
Paradise Cut,6/25/2019,110.3,1.1,67,SouthDelta,Interior,W,IT
Old River below Headwaters,6/25/2019,107.6,1,67,SJRcorridor,Interior,W,IT
Old River at Tracy Wildlife Association,7/1/2019,303.9,1.99,72,SouthDelta,Interior,W,IT
C10A - San Joaquin River near Vernalis @ SJR Club,7/8/2019,427,2.235,73,SJRcorridor,Interior,W,IT
Paradise Cut,7/9/2019,870,2.91,72,SouthDelta,Interior,W,IT
Sugar Cut downstream of Tom Paine Slough,7/9/2019,620,2.37,72,SouthDelta,Interior,W,IT
Grant Line Canal East,7/9/2019,452.8,2.31,72,SouthDelta,Interior,W,IT
Old River near Doughty Cut - ORX,7/9/2019,421.3,2.07,72,SouthDelta,Interior,W,IT
Old River below Headwaters,7/9/2019,444.2,1.95,72,SJRcorridor,Interior,W,IT
Paradise Cut Upstream,7/24/2019,1880,4.7,74,SouthDelta,Interior,W,IT
Old River at Tracy Wildlife Association,7/24/2019,383.4,2.07,74,SouthDelta,Interior,W,IT
Paradise Cut Upstream,8/21/2019,1501,4.71,73,SouthDelta,Interior,W,IT
Old River at Tracy Wildlife Association,8/21/2019,232.7,1.945,73,SouthDelta,Interior,W,IT
C10A - San Joaquin River near Vernalis @ SJR Club,9/3/2019,212.1,1.39,73,SJRcorridor,Interior,W,IT
Paradise Cut,9/4/2019,615,2.73,73,SouthDelta,Interior,W,IT
Grant Line Canal East,9/4/2019,235.8,1.66,73,SouthDelta,Interior,W,IT
Sugar Cut downstream of Tom Paine Slough,9/4/2019,271.5,1.58,73,SouthDelta,Interior,W,IT
Old River below Headwaters,9/4/2019,237.6,1.56,73,SJRcorridor,Interior,W,IT
Old River near Doughty Cut - ORX,9/4/2019,236.2,1.545,73,SouthDelta,Interior,W,IT
Paradise Cut Upstream,9/11/2019,1204,4.67,72,SouthDelta,Interior,W,IT
Old River at Tracy Wildlife Association,9/11/2019,337.6,2.32,72,SouthDelta,Interior,W,IT
Paradise Cut,9/25/2019,966,6.13,76,SouthDelta,Interior,W,IT
Sugar Cut downstream of Tom Paine Slough,9/25/2019,255.7,1.98,76,SouthDelta,Interior,W,IT
Grant Line Canal East,9/25/2019,182.8,1.76,76,SouthDelta,Interior,W,IT
Old River below Headwaters,9/25/2019,186.1,1.63,76,SJRcorridor,Interior,W,IT
Old River near Doughty Cut - ORX,9/25/2019,180.2,1.595,76,SouthDelta,Interior,W,IT
Paradise Cut Upstream,10/2/2019,1439,4.85,74,SouthDelta,Interior,D,IT
Old River at Tracy Wildlife Association,10/2/2019,215.7,1.88,74,SouthDelta,Interior,D,IT
C10A - San Joaquin River near Vernalis @ SJR Club,10/7/2019,336,1.62,73,SJRcorridor,Interior,D,IT
Middle River @ Union Point - P10A,10/7/2019,214.9,1.53,73,OMR,Interior,D,IT
Paradise Cut Upstream,10/29/2019,1587,11,75,SouthDelta,Interior,D,IT
Old River at Tracy Wildlife Association,10/29/2019,277.2,2.08,75,SouthDelta,Interior,D,IT
Paradise Cut,11/6/2019,747,3.91,81,SouthDelta,Interior,D,IT
C10A - San Joaquin River near Vernalis @ SJR Club,11/6/2019,484.7,2.38,81,SJRcorridor,Interior,D,IT
Sugar Cut downstream of Tom Paine Slough,11/6/2019,564,2.36,81,SouthDelta,Interior,D,IT
Grant Line Canal East,11/6/2019,415.3,2.35,81,SouthDelta,Interior,D,IT
Old River below Headwaters,11/6/2019,465.9,2.32,81,SJRcorridor,Interior,D,IT
Old River near Doughty Cut - ORX,11/6/2019,432.2,2.19,81,SouthDelta,Interior,D,IT
Middle River @ Union Point - P10A,11/6/2019,238.1,1.82,81,OMR,Interior,D,IT
Grant Line Canal East,1/2/2020,696,3.5,76,SouthDelta,Interior,D,IT
Sugar Cut downstream of Tom Paine Slough,1/2/2020,750,3.4,76,SouthDelta,Interior,D,IT
Old River near Doughty Cut - ORX,1/2/2020,674,3.25,76,SouthDelta,Interior,D,IT
Paradise Cut,1/2/2020,673,3.2,76,SouthDelta,Interior,D,IT
Old River below Headwaters,1/2/2020,676,2.98,76,SJRcorridor,Interior,D,IT
Paradise Cut Upstream,2/4/2020,1921,5.1,73,SouthDelta,Interior,D,IT
Old River at Tracy Wildlife Association,2/4/2020,752,3.1,73,SouthDelta,Interior,D,IT
Middle River @ Union Point - P10A,2/6/2020,374.9,2.6,77,OMR,Interior,D,IT
C10A - San Joaquin River near Vernalis @ SJR Club,2/6/2020,393.4,1.71,77,SJRcorridor,Interior,D,IT
Paradise Cut,2/19/2020,816,2.9,77,SouthDelta,Interior,D,IT
Sugar Cut downstream of Tom Paine Slough,2/19/2020,898,2.9,77,SouthDelta,Interior,D,IT
Paradise Cut Upstream,3/4/2020,1832,4.83,79,SouthDelta,Interior,D,IT
Old River at Tracy Wildlife Association,3/4/2020,492.1,2.1,79,SouthDelta,Interior,D,IT
Paradise Cut Upstream,4/7/2020,1982,5.07,77,SouthDelta,Interior,D,IT
Old River at Tracy Wildlife Association,4/7/2020,999,3.4,77,SouthDelta,Interior,D,IT
Sugar Cut downstream of Tom Paine Slough,4/21/2020,1001,2.9,73,SouthDelta,Interior,D,IT
Paradise Cut,4/21/2020,888,2.6,73,SouthDelta,Interior,D,IT
Grant Line Canal East,4/21/2020,370.7,1.75,73,SouthDelta,Interior,D,IT
Old River near Doughty Cut - ORX,4/21/2020,347.2,1.47,73,SouthDelta,Interior,D,IT
Old River below Headwaters,4/21/2020,343.5,1.4,73,SJRcorridor,Interior,D,IT
Paradise Cut Upstream,4/29/2020,931,2.95,75,SouthDelta,Interior,D,IT
Old River at Tracy Wildlife Association,4/29/2020,674,2.8,75,SouthDelta,Interior,D,IT
Old River near Doughty Cut - ORX,6/16/2020,253.9,1.4,80,SouthDelta,Interior,D,IT
Paradise Cut Upstream,6/17/2020,1393,3.8,80,SouthDelta,Interior,D,IT
Old River at Tracy Wildlife Association,1/4/2022,616,5.3,65,SouthDelta,Interior,C,IT
Sugar Cut downstream of Tom Paine Slough,1/12/2022,1667,5.19,70,SouthDelta,Interior,C,IT
Paradise Cut,1/12/2022,821,4.05,70,SouthDelta,Interior,C,IT
Grant Line Canal East,1/12/2022,678,3.92,70,SouthDelta,Interior,C,IT
Old River near Doughty Cut - ORX,1/12/2022,663,3.71,70,SouthDelta,Interior,C,IT
Old River below Headwaters,1/12/2022,660,3.64,70,SJRcorridor,Interior,C,IT
Paradise Cut Upstream,1/19/2022,2987,5.83,74,SouthDelta,Interior,C,IT
Sugar Cut downstream of Tom Paine Slough,1/25/2022,1500,3.695,76,SouthDelta,Interior,C,IT
Paradise Cut,1/25/2022,778,3.3,76,SouthDelta,Interior,C,IT
Old River at Tracy Wildlife Association,2/8/2022,824,2.89,76,SouthDelta,Interior,C,IT
Paradise Cut Upstream,2/9/2022,1694,3.89,77,SouthDelta,Interior,C,IT
Middle River @ Union Point - P10A,2/9/2022,354.6,3.06,77,OMR,Interior,C,IT
C10A - San Joaquin River near Vernalis @ SJR Club,2/9/2022,307.6,1.49,77,SJRcorridor,Interior,C,IT
Grant Line Canal East,3/1/2022,559,2.75,78,SouthDelta,Interior,C,IT
Old River below Headwaters,3/1/2022,508,2.32,78,SJRcorridor,Interior,C,IT
Old River near Doughty Cut - ORX,3/1/2022,480.8,2.31,78,SouthDelta,Interior,C,IT
Middle River @ Union Point - P10A,3/10/2022,417,3.32,74,OMR,Interior,C,IT
C10A - San Joaquin River near Vernalis @ SJR Club,3/10/2022,415.8,2.03,74,SJRcorridor,Interior,C,IT
Paradise Cut Upstream,3/14/2022,3443,8.16,78,SouthDelta,Interior,C,IT
Old River at Tracy Wildlife Association,3/15/2022,935,3.22,79,SouthDelta,Interior,C,IT
Sugar Cut downstream of Tom Paine Slough,3/16/2022,978,3.51,79,SouthDelta,Interior,C,IT
Paradise Cut,3/16/2022,993,3.34,79,SouthDelta,Interior,C,IT
Middle River @ Union Point - P10A,4/5/2022,400.6,2.955,81,OMR,Interior,C,IT
C10A - San Joaquin River near Vernalis @ SJR Club,4/5/2022,622,2.69,81,SJRcorridor,Interior,C,IT
Grant Line Canal East,4/7/2022,766,3.48,80,SouthDelta,Interior,C,IT
Old River near Doughty Cut - ORX,4/7/2022,679,3.24,80,SouthDelta,Interior,C,IT
Old River below Headwaters,4/7/2022,679,3.13,80,SJRcorridor,Interior,C,IT
SGA,6/20/2018,664,2.3,81,SouthDelta,Interior,BN,NCRO
PDC,6/20/2018,855,3.1,81,SouthDelta,Interior,BN,NCRO
OH1,1/8/2019,940,3.04,79,SouthDelta,Interior,W,NCRO
ORX,1/8/2019,944,3.02,79,SouthDelta,Interior,W,NCRO
GLE,1/8/2019,977,3.09,79,SouthDelta,Interior,W,NCRO
PDUP,1/15/2019,2110,6.25,77,SouthDelta,Interior,W,NCRO
SGA,1/15/2019,1170,5.3,77,SouthDelta,Interior,W,NCRO
PDC,1/15/2019,822,4.46,77,SouthDelta,Interior,W,NCRO
TWA,1/15/2019,977,4.3,77,SouthDelta,Interior,W,NCRO
OH1,1/30/2019,944,4,63,SouthDelta,Interior,W,NCRO
ORX,1/30/2019,928,4.04,63,SouthDelta,Interior,W,NCRO
GLE,1/30/2019,891,4.6,63,SouthDelta,Interior,W,NCRO
OH1,5/1/2019,188,1.2,57,SouthDelta,Interior,W,NCRO
ORX,5/1/2019,187,1.3,57,SouthDelta,Interior,W,NCRO
GLE,5/1/2019,192,1.4,57,SouthDelta,Interior,W,NCRO
OH1,5/29/2019,79,0.873,61,SouthDelta,Interior,W,NCRO
ORX,5/29/2019,83,1,61,SouthDelta,Interior,W,NCRO
GLE,5/29/2019,90,1.1,61,SouthDelta,Interior,W,NCRO
PDUP,6/12/2019,233,1.49,62,SouthDelta,Interior,W,NCRO
TWA,6/12/2019,107,1.3,62,SouthDelta,Interior,W,NCRO
OH1,6/25/2019,107,1,67,SouthDelta,Interior,W,NCRO
ORX,6/25/2019,105,1.1,67,SouthDelta,Interior,W,NCRO
GLE,6/25/2019,104.5,1.1,67,SouthDelta,Interior,W,NCRO
PDC,6/25/2019,109,1.1,67,SouthDelta,Interior,W,NCRO
SGA,6/25/2019,128,1.2,67,SouthDelta,Interior,W,NCRO
TWA,7/1/2019,304.5,1.99,72,SouthDelta,Interior,W,NCRO
OH1,7/9/2019,443,1.95,72,SouthDelta,Interior,W,NCRO
ORX,7/9/2019,422,2.07,72,SouthDelta,Interior,W,NCRO
GLE,7/9/2019,454,2.31,72,SouthDelta,Interior,W,NCRO
PDC,7/9/2019,814,2.91,72,SouthDelta,Interior,W,NCRO
SGA,7/9/2019,606,2.37,72,SouthDelta,Interior,W,NCRO
PDUP,7/24/2019,1860,4.7,74,SouthDelta,Interior,W,NCRO
TWA,7/24/2019,383,2.07,74,SouthDelta,Interior,W,NCRO
OH1,8/6/2019,415,2.12,81,SouthDelta,Interior,W,NCRO
ORX,8/6/2019,343,2,81,SouthDelta,Interior,W,NCRO
GLE,8/6/2019,398,2.27,81,SouthDelta,Interior,W,NCRO
PDC,8/6/2019,412,2.325,81,SouthDelta,Interior,W,NCRO
SGA,8/6/2019,430,2.41,81,SouthDelta,Interior,W,NCRO
PDUP,8/21/2019,1470,4.71,73,SouthDelta,Interior,W,NCRO
TWA,8/21/2019,231,1.945,73,SouthDelta,Interior,W,NCRO
OH1,9/4/2019,237,1.56,73,SouthDelta,Interior,W,NCRO
ORX,9/4/2019,238,1.545,73,SouthDelta,Interior,W,NCRO
GLE,9/4/2019,237,1.66,73,SouthDelta,Interior,W,NCRO
PDC,9/4/2019,533,2.73,73,SouthDelta,Interior,W,NCRO
SGA,9/4/2019,252,1.58,73,SouthDelta,Interior,W,NCRO
PDUP,9/11/2019,1190,4.67,72,SouthDelta,Interior,W,NCRO
TWA,9/11/2019,336,2.32,72,SouthDelta,Interior,W,NCRO
OH1,9/25/2019,184,1.63,76,SouthDelta,Interior,W,NCRO
ORX,9/25/2019,180,1.595,76,SouthDelta,Interior,W,NCRO
GLE,9/25/2019,183,1.76,76,SouthDelta,Interior,W,NCRO
PDC,9/25/2019,752,6.13,76,SouthDelta,Interior,W,NCRO
SGA,9/25/2019,215,1.98,76,SouthDelta,Interior,W,NCRO
PDUP,10/2/2019,1430,4.85,74,SouthDelta,Interior,D,NCRO
TWA,10/2/2019,220,1.88,74,SouthDelta,Interior,D,NCRO
PDUP,10/29/2019,1580,11,75,SouthDelta,Interior,D,NCRO
TWA,10/29/2019,281,2.08,75,SouthDelta,Interior,D,NCRO
OH1,11/6/2019,470,2.32,81,SouthDelta,Interior,D,NCRO
ORX,11/6/2019,438,2.19,81,SouthDelta,Interior,D,NCRO
GLE,11/6/2019,418,2.35,81,SouthDelta,Interior,D,NCRO
PDC,11/6/2019,671,3.91,81,SouthDelta,Interior,D,NCRO
SGA,11/6/2019,549,2.36,81,SouthDelta,Interior,D,NCRO
OH1,1/2/2020,682,2.98,76,SouthDelta,Interior,D,NCRO
ORX,1/2/2020,681,3.25,76,SouthDelta,Interior,D,NCRO
GLE,1/2/2020,699,3.5,76,SouthDelta,Interior,D,NCRO
PDC,1/2/2020,679,3.2,76,SouthDelta,Interior,D,NCRO
SGA,1/2/2020,749,3.4,76,SouthDelta,Interior,D,NCRO
PDUP,2/4/2020,1920,5.1,73,SouthDelta,Interior,D,NCRO
TWA,2/4/2020,760,3.1,73,SouthDelta,Interior,D,NCRO
PDC,2/19/2020,821,2.9,77,SouthDelta,Interior,D,NCRO
SGA,2/19/2020,902.5,2.9,77,SouthDelta,Interior,D,NCRO
PDUP,3/4/2020,1820,4.83,79,SouthDelta,Interior,D,NCRO
TWA,3/4/2020,494,2.1,79,SouthDelta,Interior,D,NCRO
PDUP,4/7/2020,1972,5.07,77,SouthDelta,Interior,D,NCRO
TWA,4/7/2020,996,3.4,77,SouthDelta,Interior,D,NCRO
GLE,4/21/2020,372,1.75,73,SouthDelta,Interior,D,NCRO
ORX,4/21/2020,349,1.47,73,SouthDelta,Interior,D,NCRO
OH1,4/21/2020,345,1.4,73,SouthDelta,Interior,D,NCRO
PDC,4/21/2020,916.5,2.6,73,SouthDelta,Interior,D,NCRO
SGA,4/21/2020,976,2.9,73,SouthDelta,Interior,D,NCRO
PDUP,4/29/2020,908,2.95,75,SouthDelta,Interior,D,NCRO
TWA,4/29/2020,676,2.8,75,SouthDelta,Interior,D,NCRO
PDUP,5/18/2020,1540,4,81,SouthDelta,Interior,D,NCRO
ORX,6/16/2020,254,1.4,80,SouthDelta,Interior,D,NCRO
PDUP,6/17/2020,1410,3.8,80,SouthDelta,Interior,D,NCRO
