Long Station Name,Collection Date,EC,SO4,Sacramento X2,Location,Area,WYT,Data
Old River near Rock Slough,6/19/1959,318,21,91.43818578,OMR,Interior,BN,TT
Old River near Rock Slough,6/19/1959,327,20,91.43818578,OMR,Interior,BN,TT
Old River near Rock Slough,7/7/1959,716,37,94.29889644,OMR,Interior,BN,TT
Old River near Rock Slough,7/7/1959,749,36,94.29889644,OMR,Interior,BN,TT
Old River near Rock Slough,7/21/1959,1740,61,95.92495125,OMR,Interior,BN,TT
Old River near Rock Slough,7/21/1959,1320,56,95.92495125,OMR,Interior,BN,TT
Old River near Rock Slough,8/4/1959,1580,67,91.1135463,OMR,Interior,BN,TT
Old River near Rock Slough,8/4/1959,1380,58,91.1135463,OMR,Interior,BN,TT
Old River near Rock Slough,8/18/1959,937,44,93.54824528,OMR,Interior,BN,TT
Old River near Rock Slough,8/18/1959,1000,42,93.54824528,OMR,Interior,BN,TT
Old River near Rock Slough,9/2/1959,644,28,91.96611223,OMR,Interior,BN,TT
Old River near Rock Slough,9/2/1959,621,26,91.96611223,OMR,Interior,BN,TT
Old River near Rock Slough,9/15/1959,509,25,84.58759953,OMR,Interior,BN,TT
Old River near Rock Slough,9/15/1959,486,21,84.58759953,OMR,Interior,BN,TT
Old River near Rock Slough,10/1/1959,396,20,78.11676896,OMR,Interior,D,TT
Old River near Rock Slough,10/1/1959,352,17,78.11676896,OMR,Interior,D,TT
Old River near Rock Slough,10/30/1959,345,22,83.58656463,OMR,Interior,D,TT
Old River near Rock Slough,10/30/1959,281,15,83.58656463,OMR,Interior,D,TT
P8 - San Joaquin River @ Buckley Cove,2/2/1968,650,68,60.82383763,SJRcorridor,Interior,BN,TT
P8 - San Joaquin River @ Buckley Cove,3/22/1968,395,48,57.81297746,SJRcorridor,Interior,BN,TT
P8 - San Joaquin River @ Buckley Cove,10/10/1968,900,48,83.16574214,SJRcorridor,Interior,W,TT
P8 - San Joaquin River @ Buckley Cove,1/23/1969,180,20,48.06579729,SJRcorridor,Interior,W,TT
P8 - San Joaquin River @ Buckley Cove,4/16/1969,200,12,50.10640361,SJRcorridor,Interior,W,TT
P8 - San Joaquin River @ Buckley Cove,7/17/1969,360,29,68.77308425,SJRcorridor,Interior,W,TT
Clifton Court Intake,3/4/1986,306,41,0,OMR,Interior,W,TT
Clifton Court Intake,4/9/1986,197,24,52.99907803,OMR,Interior,W,TT
Clifton Court Intake,5/7/1986,280,36,66.57784182,OMR,Interior,W,TT
Clifton Court Intake,6/4/1986,303,39,70.7018673,OMR,Interior,W,TT
Rock Slough @ Old River,7/2/1986,225,21,77.07568175,OMR,Interior,W,TT
Rock Slough @ Old River,9/24/1986,285,34,76.64482557,OMR,Interior,W,TT
Old River South of Rock Slough (St 5A),6/28/1988,533,31,88.84197167,OMR,Interior,C,TT
Old River North of Rock Slough (St 4b),6/28/1988,512,31,88.84197167,OMR,Interior,C,TT
San Joaquin River @ Mossdale Bridge - C7A,3/2/1989,1370,235,91.3346382,SJRcorridor,Interior,D,TT
Grant Ln Can @ Tracy Rd Bdg,3/2/1989,1430,254,91.3346382,SouthDelta,Interior,D,TT
Old River nr Tracy,3/2/1989,1410,237,91.3346382,SouthDelta,Interior,D,TT
Middle R @ Tracy Rd Bdg,3/2/1989,506,41,91.3346382,SouthDelta,Interior,D,TT
Old River North of Rock Slough (St 4b),7/25/1989,350,22,80.02863026,OMR,Interior,D,TT
Middle River at Bacon Island Bridge,7/25/1989,200,18,80.02863026,OMR,Interior,D,TT
San Joaquin River @ Mossdale Bridge - C7A,7/25/1989,800,120,80.02863026,SJRcorridor,Interior,D,TT
Little Connection Sl. @ Empire Tr.,7/25/1989,130,9,80.02863026,SJRcorridor,Interior,D,TT
Old River nr Tracy,7/25/1989,850,130,80.02863026,SouthDelta,Interior,D,TT
Grant Line/Fabian/Bell Canals nr Old R.,7/25/1989,800,120,80.02863026,SouthDelta,Interior,D,TT
Grant Ln Can @ Tracy Rd Bdg,7/25/1989,800,100,80.02863026,SouthDelta,Interior,D,TT
Rock Slough @ Old River,1/24/1990,962,53,79.66720736,OMR,Interior,C,TT
Old River North of Rock Slough (St 4b),1/24/1990,804,36,79.66720736,OMR,Interior,C,TT
Middle River at Bacon Island Bridge,1/24/1990,420,24,79.66720736,OMR,Interior,C,TT
Little Connection Sl. @ Empire Tr.,1/24/1990,204,12,79.66720736,SJRcorridor,Interior,C,TT
San Joaquin River @ Mossdale Bridge - C7A,1/24/1990,1310,222,79.66720736,SJRcorridor,Interior,C,TT
Grant Ln Can @ Tracy Rd Bdg,1/24/1990,1200,187,79.66720736,SouthDelta,Interior,C,TT
Old River nr Tracy,1/24/1990,1190,184,79.66720736,SouthDelta,Interior,C,TT
Grant Line/Fabian/Bell Canals nr Old R.,1/24/1990,1100,155,79.66720736,SouthDelta,Interior,C,TT
Clifton Court Intake,2/14/1990,515,30,84.5852336,OMR,Interior,C,TT
San Joaquin River @ Mossdale Bridge - C7A,2/14/1990,1300,225,84.5852336,SJRcorridor,Interior,C,TT
Old River nr Tracy,2/14/1990,1320,217,84.5852336,SouthDelta,Interior,C,TT
Grant Ln Can @ Tracy Rd Bdg,2/14/1990,1240,199,84.5852336,SouthDelta,Interior,C,TT
Clifton Court Intake,2/21/1990,472,28,80.12996718,OMR,Interior,C,TT
Rock Slough @ Old River,2/23/1990,598,33,83.08252588,OMR,Interior,C,TT
Rock Slough @ Old River,3/20/1990,548,29,85.09103604,OMR,Interior,C,TT
Clifton Court Intake,3/20/1990,404,24,85.09103604,OMR,Interior,C,TT
Clifton Court Intake,4/24/1990,532,30,86.79032173,OMR,Interior,C,TT
Old River North of Rock Slough (St 4b),4/25/1990,905,40,87.22990049,OMR,Interior,C,TT
Rock Slough @ Old River,4/25/1990,864,39,87.22990049,OMR,Interior,C,TT
Middle River at Bacon Island Bridge,4/25/1990,349,17,87.22990049,OMR,Interior,C,TT
Little Connection Sl. @ Empire Tr.,4/25/1990,164,7,87.22990049,SJRcorridor,Interior,C,TT
San Joaquin River @ Mossdale Bridge - C7A,4/25/1990,823,118,87.22990049,SJRcorridor,Interior,C,TT
Old River nr Tracy,4/25/1990,1120,160,87.22990049,SouthDelta,Interior,C,TT
Grant Ln Can @ Tracy Rd Bdg,4/25/1990,839,114,87.22990049,SouthDelta,Interior,C,TT
Grant Line/Fabian/Bell Canals nr Old R.,4/25/1990,671,70,87.22990049,SouthDelta,Interior,C,TT
Clifton Court Intake,5/23/1990,654,38,90.30188297,OMR,Interior,C,TT
Rock Slough @ Old River,5/23/1990,660,31,90.30188297,OMR,Interior,C,TT
Rock Slough @ Old River,6/26/1990,377,20,87.03302324,OMR,Interior,C,TT
Clifton Court Intake,6/27/1990,786,74,84.4854239,OMR,Interior,C,TT
Clifton Court Intake,7/25/1990,457,82,87.85147172,OMR,Interior,C,TT
Rock Slough @ Old River,7/26/1990,572,26,86.56430395,OMR,Interior,C,TT
Old River North of Rock Slough (St 4b),7/26/1990,524,24,86.56430395,OMR,Interior,C,TT
Middle River at Bacon Island Bridge,7/26/1990,286,15,86.56430395,OMR,Interior,C,TT
Little Connection Sl. @ Empire Tr.,7/26/1990,160,6,86.56430395,SJRcorridor,Interior,C,TT
San Joaquin River @ Mossdale Bridge - C7A,7/26/1990,853,101,86.56430395,SJRcorridor,Interior,C,TT
Old River nr Tracy,7/26/1990,916,106,86.56430395,SouthDelta,Interior,C,TT
Grant Ln Can @ Tracy Rd Bdg,7/26/1990,843,103,86.56430395,SouthDelta,Interior,C,TT
Grant Line/Fabian/Bell Canals nr Old R.,7/26/1990,396,21,86.56430395,SouthDelta,Interior,C,TT
Clifton Court Intake,8/21/1990,397,19,82.94560259,OMR,Interior,C,TT
Rock Slough @ Old River,8/22/1990,477,22,83.47764088,OMR,Interior,C,TT
Old River North of Rock Slough (St 4b),8/22/1990,463,21,83.47764088,OMR,Interior,C,TT
Middle River at Bacon Island Bridge,8/22/1990,269,14,83.47764088,OMR,Interior,C,TT
Little Connection Sl. @ Empire Tr.,8/22/1990,178,8,83.47764088,SJRcorridor,Interior,C,TT
San Joaquin River @ Mossdale Bridge - C7A,8/22/1990,738,89,83.47764088,SJRcorridor,Interior,C,TT
Old River nr Tracy,8/22/1990,857,103,83.47764088,SouthDelta,Interior,C,TT
Grant Ln Can @ Tracy Rd Bdg,8/22/1990,735,86,83.47764088,SouthDelta,Interior,C,TT
Grant Line/Fabian/Bell Canals nr Old R.,8/22/1990,652,66,83.47764088,SouthDelta,Interior,C,TT
Clifton Court Intake,9/24/1990,504,26,90.82305445,OMR,Interior,C,TT
Middle River at Bacon Island Bridge,9/24/1990,368,23,90.82305445,OMR,Interior,C,TT
Clifton Court Intake,10/23/1990,710,38,94.64630634,OMR,Interior,C,TT
Middle River at Bacon Island Bridge,10/24/1990,585,41,94.04183083,OMR,Interior,C,TT
Rock Slough @ Old River,10/24/1990,960,40,94.04183083,OMR,Interior,C,TT
Old River North of Rock Slough (St 4b),10/24/1990,921,39,94.04183083,OMR,Interior,C,TT
Little Connection Sl. @ Empire Tr.,10/24/1990,191,10,94.04183083,SJRcorridor,Interior,C,TT
San Joaquin River @ Mossdale Bridge - C7A,10/24/1990,739,78,94.04183083,SJRcorridor,Interior,C,TT
Old River nr Tracy,10/24/1990,1140,131,94.04183083,SouthDelta,Interior,C,TT
Grant Ln Can @ Tracy Rd Bdg,10/24/1990,1030,112,94.04183083,SouthDelta,Interior,C,TT
Grant Line/Fabian/Bell Canals nr Old R.,10/24/1990,703,38,94.04183083,SouthDelta,Interior,C,TT
Middle River at Bacon Island Bridge,11/13/1990,625,53,93.89378554,OMR,Interior,C,TT
Clifton Court Intake,11/13/1990,689,42,93.89378554,OMR,Interior,C,TT
Clifton Court Intake,12/11/1990,853,46,93.08539402,OMR,Interior,C,TT
Middle River at Bacon Island Bridge,12/11/1990,542,37,93.08539402,OMR,Interior,C,TT
Rock Slough @ Old River,1/29/1991,897,46,94.90599798,OMR,Interior,C,TT
Old River North of Rock Slough (St 4b),1/29/1991,878,44,94.90599798,OMR,Interior,C,TT
Middle River at Bacon Island Bridge,1/29/1991,532,35,94.90599798,OMR,Interior,C,TT
Little Connection Sl. @ Empire Tr.,1/29/1991,344,24,94.90599798,SJRcorridor,Interior,C,TT
San Joaquin River @ Mossdale Bridge - C7A,1/29/1991,1100,166,94.90599798,SJRcorridor,Interior,C,TT
Old River nr Tracy,1/29/1991,1320,194,94.90599798,SouthDelta,Interior,C,TT
Grant Ln Can @ Tracy Rd Bdg,1/29/1991,1240,187,94.90599798,SouthDelta,Interior,C,TT
Grant Line/Fabian/Bell Canals nr Old R.,1/29/1991,700,49,94.90599798,SouthDelta,Interior,C,TT
Clifton Court Intake,1/31/1991,731,48,94.0793962,OMR,Interior,C,TT
Middle River at Bacon Island Bridge,2/26/1991,610,39,94.34149831,OMR,Interior,C,TT
Clifton Court Intake,2/27/1991,840,50,95.15255136,OMR,Interior,C,TT
Middle River at Bacon Island Bridge,3/25/1991,469,37,72.32639176,OMR,Interior,C,TT
Clifton Court Intake,3/27/1991,548,38,71.68911216,OMR,Interior,C,TT
Middle River at Bacon Island Bridge,4/23/1991,294,23,85.01362795,OMR,Interior,C,TT
San Joaquin River @ Mossdale Bridge - C7A,4/23/1991,1330,217,85.01362795,SJRcorridor,Interior,C,TT
Little Connection Sl. @ Empire Tr.,4/23/1991,251,16,85.01362795,SJRcorridor,Interior,C,TT
Old River nr Tracy,4/23/1991,1510,221,85.01362795,SouthDelta,Interior,C,TT
Grant Ln Can @ Tracy Rd Bdg,4/23/1991,1360,189,85.01362795,SouthDelta,Interior,C,TT
Clifton Court Intake,4/24/1991,792,102,86.48122671,OMR,Interior,C,TT
Clifton Court Intake,5/21/1991,527,47,91.14886705,OMR,Interior,C,TT
Contra Costa PP Number 01,5/21/1991,537,36,91.14886705,OMR,Interior,C,TT
Middle River at Bacon Island Bridge,5/21/1991,359,24,91.14886705,OMR,Interior,C,TT
Rock Slough @ Old River,5/22/1991,596,33,90.63835999,OMR,Interior,C,TT
Old River North of Rock Slough (St 4b),5/22/1991,613,32,90.63835999,OMR,Interior,C,TT
Grant Line/Fabian/Bell Canals nr Old R.,5/22/1991,479,38,90.63835999,SouthDelta,Interior,C,TT
Contra Costa PP Number 01,6/24/1991,705,38,92.83977948,OMR,Interior,C,TT
Clifton Court Intake,6/25/1991,607,33,93.04612539,OMR,Interior,C,TT
Middle River at Bacon Island Bridge,6/28/1991,451,26,91.92518677,OMR,Interior,C,TT
Clifton Court Intake,7/23/1991,528,32,91.47785985,OMR,Interior,C,TT
Rock Slough @ Old River,7/24/1991,596,28,92.78926842,OMR,Interior,C,TT
Old River North of Rock Slough (St 4b),7/24/1991,595,28,92.78926842,OMR,Interior,C,TT
Middle River at Bacon Island Bridge,7/24/1991,404,22,92.78926842,OMR,Interior,C,TT
San Joaquin River @ Mossdale Bridge - C7A,7/24/1991,962,122,92.78926842,SJRcorridor,Interior,C,TT
Little Connection Sl. @ Empire Tr.,7/24/1991,275,14,92.78926842,SJRcorridor,Interior,C,TT
Old River nr Tracy,7/24/1991,1110,132,92.78926842,SouthDelta,Interior,C,TT
Grant Ln Can @ Tracy Rd Bdg,7/24/1991,974,112,92.78926842,SouthDelta,Interior,C,TT
Grant Line/Fabian/Bell Canals nr Old R.,7/24/1991,511,30,92.78926842,SouthDelta,Interior,C,TT
Middle R @ Tracy Rd Bdg,7/24/1991,454,27,92.78926842,SouthDelta,Interior,C,TT
Contra Costa PP Number 01,8/21/1991,699,31,88.57096592,OMR,Interior,C,TT
Old River North of Rock Slough (St 4b),8/21/1991,551,25,88.57096592,OMR,Interior,C,TT
Rock Slough @ Old River,8/21/1991,550,22,88.57096592,OMR,Interior,C,TT
Middle River at Bacon Island Bridge,8/21/1991,347,18,88.57096592,OMR,Interior,C,TT
San Joaquin River @ Mossdale Bridge - C7A,8/21/1991,950,111,88.57096592,SJRcorridor,Interior,C,TT
Little Connection Sl. @ Empire Tr.,8/21/1991,245,12,88.57096592,SJRcorridor,Interior,C,TT
Old River nr Tracy,8/21/1991,1140,133,88.57096592,SouthDelta,Interior,C,TT
Grant Ln Can @ Tracy Rd Bdg,8/21/1991,1000,109,88.57096592,SouthDelta,Interior,C,TT
Grant Line/Fabian/Bell Canals nr Old R.,8/21/1991,840,78,88.57096592,SouthDelta,Interior,C,TT
Clifton Court Intake,9/10/1991,469,22,92.73110822,OMR,Interior,C,TT
Middle River at Bacon Island Bridge,9/10/1991,323,16,92.73110822,OMR,Interior,C,TT
Contra Costa PP Number 01,9/11/1991,782,34,92.53683095,OMR,Interior,C,TT
Old River North of Rock Slough (St 4b),10/23/1991,665,32,94.27657666,OMR,Interior,C,TT
Rock Slough @ Old River,10/23/1991,637,32,94.27657666,OMR,Interior,C,TT
Contra Costa PP Number 01,10/23/1991,585,28,94.27657666,OMR,Interior,C,TT
Middle River at Bacon Island Bridge,10/23/1991,365,24,94.27657666,OMR,Interior,C,TT
San Joaquin River @ Mossdale Bridge - C7A,10/23/1991,727,74,94.27657666,SJRcorridor,Interior,C,TT
Little Connection Sl. @ Empire Tr.,10/23/1991,160,7,94.27657666,SJRcorridor,Interior,C,TT
Old River nr Tracy,10/23/1991,1220,138,94.27657666,SouthDelta,Interior,C,TT
Grant Ln Can @ Tracy Rd Bdg,10/23/1991,997,104,94.27657666,SouthDelta,Interior,C,TT
Grant Line/Fabian/Bell Canals nr Old R.,10/23/1991,463,26,94.27657666,SouthDelta,Interior,C,TT
Contra Costa PP Number 01,11/19/1991,836,42,93.6335894,OMR,Interior,C,TT
Middle River at Bacon Island Bridge,11/21/1991,547,45,93.42904814,OMR,Interior,C,TT
Clifton Court Intake,11/21/1991,688,37,93.42904814,OMR,Interior,C,TT
Contra Costa PP Number 01,12/9/1991,988,49,94.2937316,OMR,Interior,C,TT
Clifton Court Intake,12/11/1991,810,58,94.35994762,OMR,Interior,C,TT
Middle River at Bacon Island Bridge,12/11/1991,609,48,94.35994762,OMR,Interior,C,TT
Contra Costa PP Number 01,1/23/1992,732,40,92.69366513,OMR,Interior,C,TT
Rock Slough @ Old River,1/23/1992,792,39,92.69366513,OMR,Interior,C,TT
Middle River at Bacon Island Bridge,1/23/1992,455,36,92.69366513,OMR,Interior,C,TT
San Joaquin River @ Mossdale Bridge - C7A,1/23/1992,1080,152,92.69366513,SJRcorridor,Interior,C,TT
Little Connection Sl. @ Empire Tr.,1/23/1992,247,17,92.69366513,SJRcorridor,Interior,C,TT
Old River nr Tracy,1/23/1992,1150,166,92.69366513,SouthDelta,Interior,C,TT
Grant Ln Can @ Tracy Rd Bdg,1/23/1992,1100,162,92.69366513,SouthDelta,Interior,C,TT
Grant Line/Fabian/Bell Canals nr Old R.,1/23/1992,546,43,92.69366513,SouthDelta,Interior,C,TT
Contra Costa PP Number 01,2/24/1992,793,67,66.71267132,OMR,Interior,C,TT
Clifton Court Intake,2/25/1992,554,58,65.86224313,OMR,Interior,C,TT
Contra Costa PP Number 01,3/24/1992,421,45,67.98576989,OMR,Interior,C,TT
Clifton Court Intake,3/26/1992,321,28,68.43776556,OMR,Interior,C,TT
Middle River at Bacon Island Bridge,3/26/1992,290,25,68.43776556,OMR,Interior,C,TT
Contra Costa PP Number 01,4/22/1992,362,29,77.19407905,OMR,Interior,C,TT
Middle River at Bacon Island Bridge,4/22/1992,335,26,77.19407905,OMR,Interior,C,TT
Rock Slough @ Old River,4/22/1992,330,24,77.19407905,OMR,Interior,C,TT
Old River North of Rock Slough (St 4b),4/22/1992,325,24,77.19407905,OMR,Interior,C,TT
San Joaquin River @ Mossdale Bridge - C7A,4/22/1992,834,111,77.19407905,SJRcorridor,Interior,C,TT
Little Connection Sl. @ Empire Tr.,4/22/1992,231,13,77.19407905,SJRcorridor,Interior,C,TT
Old River nr Tracy,4/22/1992,1110,158,77.19407905,SouthDelta,Interior,C,TT
Grant Ln Can @ Tracy Rd Bdg,4/22/1992,932,135,77.19407905,SouthDelta,Interior,C,TT
Grant Line/Fabian/Bell Canals nr Old R.,4/22/1992,409,38,77.19407905,SouthDelta,Interior,C,TT
Contra Costa PP Number 01,5/19/1992,451,32,92.35936602,OMR,Interior,C,TT
Middle River at Bacon Island Bridge,5/21/1992,458,43,91.77345049,OMR,Interior,C,TT
Clifton Court Intake,5/21/1992,463,40,91.77345049,OMR,Interior,C,TT
Clifton Court Intake,6/4/1992,569,44,92.61021102,OMR,Interior,C,TT
Contra Costa PP Number 01,6/23/1992,885,41,92.2794422,OMR,Interior,C,TT
Clifton Court Intake,6/25/1992,724,42,90.85817896,OMR,Interior,C,TT
Middle River at Bacon Island Bridge,6/25/1992,564,33,90.85817896,OMR,Interior,C,TT
Contra Costa PP Number 01,7/22/1992,905,43,92.3938467,OMR,Interior,C,TT
Old River North of Rock Slough (St 4b),7/22/1992,909,38,92.3938467,OMR,Interior,C,TT
Rock Slough @ Old River,7/22/1992,899,38,92.3938467,OMR,Interior,C,TT
Middle River at Bacon Island Bridge,7/22/1992,527,30,92.3938467,OMR,Interior,C,TT
San Joaquin River @ Mossdale Bridge - C7A,7/22/1992,979,117,92.3938467,SJRcorridor,Interior,C,TT
Little Connection Sl. @ Empire Tr.,7/22/1992,179,10,92.3938467,SJRcorridor,Interior,C,TT
Grant Ln Can @ Tracy Rd Bdg,7/22/1992,1100,126,92.3938467,SouthDelta,Interior,C,TT
Old River nr Tracy,7/22/1992,1120,121,92.3938467,SouthDelta,Interior,C,TT
Grant Line/Fabian/Bell Canals nr Old R.,7/22/1992,900,78,92.3938467,SouthDelta,Interior,C,TT
Contra Costa PP Number 01,8/19/1992,904,42,92.0935494,OMR,Interior,C,TT
Old River North of Rock Slough (St 4b),8/19/1992,915,38,92.0935494,OMR,Interior,C,TT
Rock Slough @ Old River,8/19/1992,901,38,92.0935494,OMR,Interior,C,TT
Middle River at Bacon Island Bridge,8/19/1992,484,25,92.0935494,OMR,Interior,C,TT
Little Connection Sl. @ Empire Tr.,8/19/1992,163,9,92.0935494,SJRcorridor,Interior,C,TT
Old River nr Tracy,8/19/1992,1160,120,92.0935494,SouthDelta,Interior,C,TT
Grant Ln Can @ Tracy Rd Bdg,8/19/1992,1080,116,92.0935494,SouthDelta,Interior,C,TT
Grant Line/Fabian/Bell Canals nr Old R.,8/19/1992,822,63,92.0935494,SouthDelta,Interior,C,TT
Contra Costa PP Number 01,9/22/1992,882,38,92.38888101,OMR,Interior,C,TT
Clifton Court Intake,9/24/1992,717,37,92.85385013,OMR,Interior,C,TT
Middle River at Bacon Island Bridge,9/24/1992,458,25,92.85385013,OMR,Interior,C,TT
Contra Costa PP Number 01,10/7/1992,900,41,92.45317986,OMR,Interior,AN,TT
Old River North of Rock Slough (St 4b),10/7/1992,835,40,92.45317986,OMR,Interior,AN,TT
Rock Slough @ Old River,10/7/1992,849,38,92.45317986,OMR,Interior,AN,TT
Middle River at Bacon Island Bridge,10/7/1992,522,28,92.45317986,OMR,Interior,AN,TT
San Joaquin River @ Mossdale Bridge - C7A,10/7/1992,944,85,92.45317986,SJRcorridor,Interior,AN,TT
Little Connection Sl. @ Empire Tr.,10/7/1992,232,13,92.45317986,SJRcorridor,Interior,AN,TT
Old River nr Tracy,10/7/1992,974,93,92.45317986,SouthDelta,Interior,AN,TT
Grant Ln Can @ Tracy Rd Bdg,10/7/1992,881,82,92.45317986,SouthDelta,Interior,AN,TT
Grant Line/Fabian/Bell Canals nr Old R.,10/7/1992,684,43,92.45317986,SouthDelta,Interior,AN,TT
Contra Costa PP Number 01,11/17/1992,943,48,94.87189975,OMR,Interior,AN,TT
Clifton Court Intake,11/19/1992,737,43,93.66767375,OMR,Interior,AN,TT
Middle River at Bacon Island Bridge,11/19/1992,607,38,93.66767375,OMR,Interior,AN,TT
Contra Costa PP Number 01,12/8/1992,933,54,96.70881536,OMR,Interior,AN,TT
Clifton Court Intake,12/10/1992,875,88,95.44056579,OMR,Interior,AN,TT
Middle River at Bacon Island Bridge,12/10/1992,686,46,95.44056579,OMR,Interior,AN,TT
Contra Costa PP Number 01,1/13/1993,633,64,64.09402935,OMR,Interior,AN,TT
Middle River at Bacon Island Bridge,1/13/1993,423,43,64.09402935,OMR,Interior,AN,TT
San Joaquin River @ Mossdale Bridge - C7A,1/13/1993,357,40,64.09402935,SJRcorridor,Interior,AN,TT
Little Connection Sl. @ Empire Tr.,1/13/1993,247,22,64.09402935,SJRcorridor,Interior,AN,TT
Grant Ln Can @ Tracy Rd Bdg,1/13/1993,376,38,64.09402935,SouthDelta,Interior,AN,TT
Old River nr Tracy,1/13/1993,332,32,64.09402935,SouthDelta,Interior,AN,TT
Clifton Court Intake,2/9/1993,345,38,67.78217395,OMR,Interior,AN,TT
Middle River at Bacon Island Bridge,2/9/1993,320,34,67.78217395,OMR,Interior,AN,TT
Contra Costa PP Number 01,2/10/1993,361,43,66.22571537,OMR,Interior,AN,TT
Clifton Court Intake,3/9/1993,730,112,59.04059358,OMR,Interior,AN,TT
Middle River at Bacon Island Bridge,3/9/1993,471,61,59.04059358,OMR,Interior,AN,TT
Contra Costa PP Number 01,3/11/1993,801,123,59.02850507,OMR,Interior,AN,TT
Middle River at Bacon Island Bridge,4/8/1993,465,57,54.30864006,OMR,Interior,AN,TT
Clifton Court Intake,4/8/1993,400,46,54.30864006,OMR,Interior,AN,TT
Middle River at Bacon Island Bridge,4/21/1993,440,51,62.38347365,OMR,Interior,AN,TT
Contra Costa PP Number 01,4/21/1993,265,25,62.38347365,OMR,Interior,AN,TT
Old River North of Rock Slough (St 4b),4/21/1993,212,18,62.38347365,OMR,Interior,AN,TT
Rock Slough @ Old River,4/21/1993,211,18,62.38347365,OMR,Interior,AN,TT
San Joaquin River @ Mossdale Bridge - C7A,4/21/1993,601,80,62.38347365,SJRcorridor,Interior,AN,TT
Little Connection Sl. @ Empire Tr.,4/21/1993,145,8,62.38347365,SJRcorridor,Interior,AN,TT
Old River nr Tracy,4/21/1993,802,111,62.38347365,SouthDelta,Interior,AN,TT
Grant Ln Can @ Tracy Rd Bdg,4/21/1993,615,81,62.38347365,SouthDelta,Interior,AN,TT
Contra Costa PP Number 01,5/12/1993,410,44,63.16142825,OMR,Interior,AN,TT
Clifton Court Intake,5/13/1993,456,61,61.911538,OMR,Interior,AN,TT
Middle River at Bacon Island Bridge,5/13/1993,411,46,61.911538,OMR,Interior,AN,TT
Contra Costa PP Number 01,6/8/1993,250,24,57.7015985,OMR,Interior,AN,TT
Middle River at Bacon Island Bridge,6/10/1993,337,36,57.844797,OMR,Interior,AN,TT
Clifton Court Intake,6/10/1993,301,29,57.844797,OMR,Interior,AN,TT
Middle River at Bacon Island Bridge,7/8/1993,203,16,75.05380959,OMR,Interior,AN,TT
Contra Costa PP Number 01,7/8/1993,159,10,75.05380959,OMR,Interior,AN,TT
Rock Slough @ Old River,7/8/1993,156,9,75.05380959,OMR,Interior,AN,TT
Old River North of Rock Slough (St 4b),7/8/1993,148,8,75.05380959,OMR,Interior,AN,TT
San Joaquin River @ Mossdale Bridge - C7A,7/8/1993,842,127,75.05380959,SJRcorridor,Interior,AN,TT
Little Connection Sl. @ Empire Tr.,7/8/1993,120,6,75.05380959,SJRcorridor,Interior,AN,TT
Old River nr Tracy,7/8/1993,950,132,75.05380959,SouthDelta,Interior,AN,TT
Grant Ln Can @ Tracy Rd Bdg,7/8/1993,855,121,75.05380959,SouthDelta,Interior,AN,TT
Clifton Court Intake,7/20/1993,166,12,75.81769133,OMR,Interior,AN,TT
Middle River at Bacon Island Bridge,7/20/1993,161,12,75.81769133,OMR,Interior,AN,TT
Contra Costa PP Number 01,7/22/1993,159,10,69.41514716,OMR,Interior,AN,TT
Clifton Court Intake,8/10/1993,348,43,70.9026113,OMR,Interior,AN,TT
Middle River at Bacon Island Bridge,8/10/1993,147,10,70.9026113,OMR,Interior,AN,TT
Contra Costa PP Number 01,8/12/1993,185,12,71.58781984,OMR,Interior,AN,TT
Contra Costa PP Number 01,9/1/1993,205,14,78.41118016,OMR,Interior,AN,TT
Rock Slough @ Old River,9/1/1993,216,12,78.41118016,OMR,Interior,AN,TT
Old River North of Rock Slough (St 4b),9/1/1993,212,12,78.41118016,OMR,Interior,AN,TT
Middle River at Bacon Island Bridge,9/1/1993,175,12,78.41118016,OMR,Interior,AN,TT
San Joaquin River @ Mossdale Bridge - C7A,9/1/1993,349,47,78.41118016,SJRcorridor,Interior,AN,TT
Little Connection Sl. @ Empire Tr.,9/1/1993,162,10,78.41118016,SJRcorridor,Interior,AN,TT
Old River nr Tracy,9/1/1993,530,72,78.41118016,SouthDelta,Interior,AN,TT
Grant Ln Can @ Tracy Rd Bdg,9/1/1993,386,54,78.41118016,SouthDelta,Interior,AN,TT
Middle River at Bacon Island Bridge,9/21/1993,275,23,80.87356521,OMR,Interior,AN,TT
Clifton Court Intake,9/21/1993,245,16,80.87356521,OMR,Interior,AN,TT
Contra Costa PP Number 01,9/23/1993,285,20,83.44869348,OMR,Interior,AN,TT
Contra Costa PP Number 01,10/5/1993,368,22,83.89162437,OMR,Interior,C,TT
Middle River at Bacon Island Bridge,10/14/1993,295,31,84.61138109,OMR,Interior,C,TT
Clifton Court Intake,10/14/1993,287,21,84.61138109,OMR,Interior,C,TT
Contra Costa PP Number 01,10/20/1993,458,25,84.89979461,OMR,Interior,C,TT
Middle River at Bacon Island Bridge,10/20/1993,287,21,84.89979461,OMR,Interior,C,TT
Old River North of Rock Slough (St 4b),10/20/1993,436,19,84.89979461,OMR,Interior,C,TT
Rock Slough @ Old River,10/20/1993,425,18,84.89979461,OMR,Interior,C,TT
San Joaquin River @ Mossdale Bridge - C7A,10/20/1993,245,25,84.89979461,SJRcorridor,Interior,C,TT
Little Connection Sl. @ Empire Tr.,10/20/1993,151,5,84.89979461,SJRcorridor,Interior,C,TT
Old River nr Tracy,10/20/1993,249,25,84.89979461,SouthDelta,Interior,C,TT
Grant Ln Can @ Tracy Rd Bdg,10/20/1993,244,24,84.89979461,SouthDelta,Interior,C,TT
Grant Line/Fabian/Bell Canals nr Old R.,10/20/1993,318,19,84.89979461,SouthDelta,Interior,C,TT
Clifton Court Intake,11/10/1993,418,21,87.72748074,OMR,Interior,C,TT
Middle River at Bacon Island Bridge,11/10/1993,293,18,87.72748074,OMR,Interior,C,TT
Contra Costa PP Number 01,11/17/1993,647,31,88.13138401,OMR,Interior,C,TT
Clifton Court Intake,12/15/1993,490,26,84.34978841,OMR,Interior,C,TT
Middle River at Bacon Island Bridge,12/15/1993,305,22,84.34978841,OMR,Interior,C,TT
Contra Costa PP Number 01,12/16/1993,566,29,82.70555681,OMR,Interior,C,TT
Contra Costa PP Number 01,1/5/1994,403,24,81.23635172,OMR,Interior,C,TT
Contra Costa PP Number 01,1/12/1994,482,30,82.38546939,OMR,Interior,C,TT
Middle River at Bacon Island Bridge,1/12/1994,311,28,82.38546939,OMR,Interior,C,TT
Rock Slough @ Old River,1/12/1994,341,21,82.38546939,OMR,Interior,C,TT
Old River North of Rock Slough (St 4b),1/12/1994,337,19,82.38546939,OMR,Interior,C,TT
San Joaquin River @ Mossdale Bridge - C7A,1/12/1994,731,99,82.38546939,SJRcorridor,Interior,C,TT
Little Connection Sl. @ Empire Tr.,1/12/1994,227,13,82.38546939,SJRcorridor,Interior,C,TT
Old River nr Tracy,1/12/1994,771,102,82.38546939,SouthDelta,Interior,C,TT
Grant Ln Can @ Tracy Rd Bdg,1/12/1994,726,99,82.38546939,SouthDelta,Interior,C,TT
Middle River at Bacon Island Bridge,1/19/1994,356,33,80.49647088,OMR,Interior,C,TT
Clifton Court Intake,1/19/1994,367,31,80.49647088,OMR,Interior,C,TT
Contra Costa PP Number 01,2/9/1994,388,30,80.94524586,OMR,Interior,C,TT
Middle River at Bacon Island Bridge,2/17/1994,482,52,75.37363149,OMR,Interior,C,TT
Clifton Court Intake,2/17/1994,415,38,75.37363149,OMR,Interior,C,TT
Rock Slough @ Old River,2/17/1994,370,26,75.37363149,OMR,Interior,C,TT
Middle River at Bacon Island Bridge,3/24/1994,516,62,72.52425966,OMR,Interior,C,TT
Clifton Court Intake,3/24/1994,437,47,72.52425966,OMR,Interior,C,TT
Rock Slough @ Old River,3/24/1994,328,28,72.52425966,OMR,Interior,C,TT
Middle River at Bacon Island Bridge,4/20/1994,441,50,78.884997,OMR,Interior,C,TT
Contra Costa PP Number 01,4/20/1994,375,35,78.884997,OMR,Interior,C,TT
Rock Slough @ Old River,4/20/1994,357,32,78.884997,OMR,Interior,C,TT
Old River North of Rock Slough (St 4b),4/20/1994,348,31,78.884997,OMR,Interior,C,TT
San Joaquin River @ Mossdale Bridge - C7A,4/20/1994,880,116,78.884997,SJRcorridor,Interior,C,TT
Little Connection Sl. @ Empire Tr.,4/20/1994,236,13,78.884997,SJRcorridor,Interior,C,TT
Old River nr Tracy,4/20/1994,942,130,78.884997,SouthDelta,Interior,C,TT
Grant Line/Fabian/Bell Canals nr Old R.,4/20/1994,922,130,78.884997,SouthDelta,Interior,C,TT
Grant Ln Can @ Tracy Rd Bdg,4/20/1994,824,113,78.884997,SouthDelta,Interior,C,TT
Clifton Court Intake,5/19/1994,599,74,76.51544974,OMR,Interior,C,TT
Middle River at Bacon Island Bridge,5/19/1994,499,60,76.51544974,OMR,Interior,C,TT
Rock Slough @ Old River,5/19/1994,395,38,76.51544974,OMR,Interior,C,TT
Contra Costa PP Number 01,5/26/1994,427,43,79.98947042,OMR,Interior,C,TT
Contra Costa PP Number 01,6/16/1994,407,36,86.55672415,OMR,Interior,C,TT
Clifton Court Intake,6/22/1994,450,45,89.49535368,OMR,Interior,C,TT
Middle River at Bacon Island Bridge,6/22/1994,389,37,89.49535368,OMR,Interior,C,TT
Rock Slough @ Old River,6/22/1994,450,30,89.49535368,OMR,Interior,C,TT
Contra Costa PP Number 01,7/20/1994,666,31,90.6143213,OMR,Interior,C,TT
Old River North of Rock Slough (St 4b),7/20/1994,690,30,90.6143213,OMR,Interior,C,TT
Rock Slough @ Old River,7/20/1994,692,28,90.6143213,OMR,Interior,C,TT
Middle River at Bacon Island Bridge,7/20/1994,365,24,90.6143213,OMR,Interior,C,TT
San Joaquin River @ Mossdale Bridge - C7A,7/20/1994,942,150,90.6143213,SJRcorridor,Interior,C,TT
Little Connection Sl. @ Empire Tr.,7/20/1994,248,8,90.6143213,SJRcorridor,Interior,C,TT
Old River nr Tracy,7/20/1994,997,149,90.6143213,SouthDelta,Interior,C,TT
Grant Ln Can @ Tracy Rd Bdg,7/20/1994,956,132,90.6143213,SouthDelta,Interior,C,TT
Grant Line/Fabian/Bell Canals nr Old R.,7/20/1994,852,106,90.6143213,SouthDelta,Interior,C,TT
Contra Costa PP Number 01,8/23/1994,703,30,91.93258472,OMR,Interior,C,TT
Rock Slough @ Old River,8/25/1994,805,34,90.48799198,OMR,Interior,C,TT
Clifton Court Intake,8/25/1994,597,27,90.48799198,OMR,Interior,C,TT
Middle River at Bacon Island Bridge,8/25/1994,336,17,90.48799198,OMR,Interior,C,TT
Contra Costa PP Number 01,9/20/1994,935,40,92.37559029,OMR,Interior,C,TT
Rock Slough @ Old River,9/22/1994,988,41,90.04354307,OMR,Interior,C,TT
Clifton Court Intake,9/22/1994,667,34,90.04354307,OMR,Interior,C,TT
Middle River at Bacon Island Bridge,9/22/1994,407,27,90.04354307,OMR,Interior,C,TT
Contra Costa PP Number 01,10/13/1994,569,26,90.78710967,OMR,Interior,W,TT
Middle River at Bacon Island Bridge,10/20/1994,464,33,92.73586707,OMR,Interior,W,TT
Clifton Court Intake,10/20/1994,451,26,92.73586707,OMR,Interior,W,TT
Rock Slough @ Old River,10/20/1994,636,25,92.73586707,OMR,Interior,W,TT
Contra Costa PP Number 01,11/9/1994,988,46,92.63852791,OMR,Interior,W,TT
San Joaquin River @ Mossdale Bridge - C7A,11/17/1994,796,99,91.53716312,SJRcorridor,Interior,W,TT
Contra Costa PP Number 01,12/13/1994,814,40,82.54298007,OMR,Interior,W,TT
San Joaquin River @ Mossdale Bridge - C7A,12/20/1994,946,123,81.11970496,SJRcorridor,Interior,W,TT
Contra Costa PP Number 01,1/17/1995,709,65,46.35508675,OMR,Interior,W,TT
San Joaquin River @ Mossdale Bridge - C7A,1/26/1995,383,45,53.05662006,SJRcorridor,Interior,W,TT
Contra Costa PP Number 01,2/6/1995,533,71,48.45038827,OMR,Interior,W,TT
San Joaquin River @ Mossdale Bridge - C7A,2/16/1995,487,75,49.77058978,SJRcorridor,Interior,W,TT
Contra Costa PP Number 01,3/13/1995,322,35,37.53111646,OMR,Interior,W,TT
San Joaquin River @ Mossdale Bridge - C7A,3/20/1995,301,53,35.26878783,SJRcorridor,Interior,W,TT
Contra Costa PP Number 01,4/10/1995,635,89,50.51772825,OMR,Interior,W,TT
San Joaquin River @ Mossdale Bridge - C7A,4/24/1995,184,22,55.06228913,SJRcorridor,Interior,W,TT
Contra Costa PP Number 01,5/10/1995,307,38,49.34111805,OMR,Interior,W,TT
San Joaquin River @ Mossdale Bridge - C7A,5/18/1995,143,14,50.95156216,SJRcorridor,Interior,W,TT
Contra Costa PP Number 01,6/14/1995,214,23,58.38588799,OMR,Interior,W,TT
San Joaquin River @ Mossdale Bridge - C7A,6/22/1995,240,30,57.6171137,SJRcorridor,Interior,W,TT
Contra Costa PP Number 01,7/12/1995,146,12,65.49822638,OMR,Interior,W,TT
San Joaquin River @ Mossdale Bridge - C7A,7/20/1995,218,32,58.74876866,SJRcorridor,Interior,W,TT
Contra Costa PP Number 01,8/9/1995,150,12,68.77947219,OMR,Interior,W,TT
San Joaquin River @ Mossdale Bridge - C7A,8/17/1995,633,92,74.57233985,SJRcorridor,Interior,W,TT
Contra Costa PP Number 01,9/6/1995,187,15,67.21706163,OMR,Interior,W,TT
San Joaquin River @ Mossdale Bridge - C7A,9/14/1995,387,54,67.19233682,SJRcorridor,Interior,W,TT
Contra Costa PP Number 01,10/11/1995,193,14,69.40952731,OMR,Interior,W,TT
San Joaquin River @ Mossdale Bridge - C7A,10/19/1995,202,17,74.05131326,SJRcorridor,Interior,W,TT
Contra Costa PP Number 01,11/8/1995,200,17,81.20170079,OMR,Interior,W,TT
San Joaquin River @ Mossdale Bridge - C7A,11/16/1995,750,77,79.55759468,SJRcorridor,Interior,W,TT
Contra Costa PP Number 01,12/6/1995,213,16,79.32528838,OMR,Interior,W,TT
San Joaquin River @ Mossdale Bridge - C7A,12/7/1995,746,90,79.94458802,SJRcorridor,Interior,W,TT
Contra Costa PP Number 01,1/10/1996,303,30,68.97868863,OMR,Interior,W,TT
San Joaquin River @ Mossdale Bridge - C7A,1/18/1996,946,138,81.11891586,SJRcorridor,Interior,W,TT
Contra Costa PP Number 01,2/8/1996,397,44,47.52751567,OMR,Interior,W,TT
San Joaquin River @ Mossdale Bridge - C7A,2/15/1996,290,44,53.64428507,SJRcorridor,Interior,W,TT
Contra Costa PP Number 01,3/7/1996,898,125,46.46251523,OMR,Interior,W,TT
San Joaquin River @ Mossdale Bridge - C7A,3/14/1996,253,31,48.94207006,SJRcorridor,Interior,W,TT
Contra Costa PP Number 01,4/4/1996,554,76,58.29157662,OMR,Interior,W,TT
San Joaquin River @ Mossdale Bridge - C7A,4/11/1996,413,60,53.46132043,SJRcorridor,Interior,W,TT
Contra Costa PP Number 01,5/2/1996,516,68,66.95278638,OMR,Interior,W,TT
San Joaquin River @ Mossdale Bridge - C7A,5/9/1996,336,47,62.32099718,SJRcorridor,Interior,W,TT
Contra Costa PP Number 01,6/6/1996,277,31,61.33562885,OMR,Interior,W,TT
San Joaquin River @ Mossdale Bridge - C7A,6/13/1996,592,82,65.4871296,SJRcorridor,Interior,W,TT
Contra Costa PP Number 01,7/11/1996,175,13,75.57077698,OMR,Interior,W,TT
San Joaquin River @ Mossdale Bridge - C7A,7/18/1996,774,112,73.33974661,SJRcorridor,Interior,W,TT
San Joaquin River @ Mossdale Bridge - C7A,8/15/1996,747,97,77.45680181,SJRcorridor,Interior,W,TT
Contra Costa PP Number 01,9/5/1996,283,17,73.8076039,OMR,Interior,W,TT
San Joaquin River @ Mossdale Bridge - C7A,9/12/1996,666,84,76.73553471,SJRcorridor,Interior,W,TT
Contra Costa PP Number 01,10/3/1996,292,16,81.93439648,OMR,Interior,W,TT
San Joaquin River @ Mossdale Bridge - C7A,10/10/1996,609,67,83.55493234,SJRcorridor,Interior,W,TT
Contra Costa PP Number 01,11/7/1996,495,31,84.27562766,OMR,Interior,W,TT
San Joaquin River @ Mossdale Bridge - C7A,11/14/1996,690,78,87.30019572,SJRcorridor,Interior,W,TT
Contra Costa PP Number 01,12/5/1996,688,38,78.03491703,OMR,Interior,W,TT
San Joaquin River @ Mossdale Bridge - C7A,12/12/1996,220,21,67.9766535,SJRcorridor,Interior,W,TT
Contra Costa PP Number 01,1/9/1997,427,54,31.8495819,OMR,Interior,W,TT
San Joaquin River @ Mossdale Bridge - C7A,2/13/1997,185,21,47.19212894,SJRcorridor,Interior,W,TT
Contra Costa PP Number 01,3/12/1997,314,38,55.67296976,OMR,Interior,W,TT
San Joaquin River @ Mossdale Bridge - C7A,3/13/1997,338,43,55.45327752,SJRcorridor,Interior,W,TT
San Joaquin River @ Mossdale Bridge - C7A,4/9/1997,788,115,73.79612645,SJRcorridor,Interior,W,TT
Contra Costa PP Number 01,4/10/1997,272,27,73.77999403,OMR,Interior,W,TT
Contra Costa PP Number 01,5/13/1997,363,44,71.63203277,OMR,Interior,W,TT
San Joaquin River @ Mossdale Bridge - C7A,5/13/1997,346,50,71.63203277,SJRcorridor,Interior,W,TT
Contra Costa PP Number 01,6/4/1997,294,30,78.50514499,OMR,Interior,W,TT
San Joaquin River @ Mossdale Bridge - C7A,6/4/1997,560,80,78.50514499,SJRcorridor,Interior,W,TT
Contra Costa PP Number 01,7/1/1997,249,17,78.99333076,OMR,Interior,W,TT
San Joaquin River @ Mossdale Bridge - C7A,7/2/1997,620,73,78.23532434,SJRcorridor,Interior,W,TT
Contra Costa PP Number 01,8/6/1997,267,13,77.35304839,OMR,Interior,W,TT
San Joaquin River @ Mossdale Bridge - C7A,8/7/1997,663,81,77.94958475,SJRcorridor,Interior,W,TT
Contra Costa PP Number 01,9/2/1997,269,18,77.2650624,OMR,Interior,W,TT
San Joaquin River @ Mossdale Bridge - C7A,9/2/1997,671,84,77.2650624,SJRcorridor,Interior,W,TT
Contra Costa PP Number 01,10/7/1997,640,32,90.04861349,OMR,Interior,W,TT
Contra Costa PP Number 01,11/5/1997,948,53,91.80829068,OMR,Interior,W,TT
Contra Costa PP Number 01,2/5/1998,879,113,41.15155574,OMR,Interior,W,TT
Contra Costa PP Number 01,3/3/1998,1100,172,46.174655,OMR,Interior,W,TT
Old River @ Middle River,6/9/1998,236,27,51.89782644,SouthDelta,Interior,W,TT
Contra Costa PP Number 01,7/8/1998,233,26,56.61660003,OMR,Interior,W,TT
Contra Costa PP Number 01,8/5/1998,190,19,70.95431958,OMR,Interior,W,TT
Contra Costa PP Number 01,9/2/1998,161,11,67.79734317,OMR,Interior,W,TT
Contra Costa PP Number 01,10/14/1998,208,16,70.16642583,OMR,Interior,W,TT
Contra Costa PP Number 01,11/4/1998,190,13,78.12007996,OMR,Interior,W,TT
Contra Costa PP Number 01,12/2/1998,289,27,64.89739823,OMR,Interior,W,TT
Contra Costa PP Number 01,1/6/1999,459,55,64.63920091,OMR,Interior,W,TT
Contra Costa PP Number 01,2/3/1999,352,40,51.6298188,OMR,Interior,W,TT
Contra Costa PP Number 01,4/8/1999,324,39,57.34361395,OMR,Interior,W,TT
Contra Costa PP Number 01,5/5/1999,451,60,57.23000982,OMR,Interior,W,TT
Contra Costa PP Number 01,6/2/1999,288,34,67.44761682,OMR,Interior,W,TT
Contra Costa PP Number 01,7/8/1999,211,15,73.33227294,OMR,Interior,W,TT
Contra Costa PP Number 01,8/5/1999,218,13,71.77110367,OMR,Interior,W,TT
Contra Costa PP Number 01,10/7/1999,892,90,85.55971154,OMR,Interior,AN,TT
Contra Costa PP Number 01,12/7/1999,1390,195,84.3486242,OMR,Interior,AN,TT
Contra Costa PP Number 01,1/4/2000,1186,84,80.55744457,OMR,Interior,AN,TT
Contra Costa PP Number 01,2/8/2000,385,38,57.61717763,OMR,Interior,AN,TT
Contra Costa PP Number 01,3/7/2000,1125,195,48.16682697,OMR,Interior,AN,TT
Contra Costa PP Number 01,4/4/2000,391,39,70.46558651,OMR,Interior,AN,TT
Contra Costa PP Number 01,5/2/2000,381,42,63.70366373,OMR,Interior,AN,TT
Contra Costa PP Number 01,6/6/2000,254,25,72.94579268,OMR,Interior,AN,TT
Contra Costa PP Number 01,7/3/2000,229,14,80.70368222,OMR,Interior,AN,TT
Contra Costa PP Number 01,8/2/2000,244,19,77.4197889,OMR,Interior,AN,TT
Contra Costa PP Number 01,10/3/2000,548,24,87.25802224,OMR,Interior,D,TT
Contra Costa PP Number 01,11/7/2000,668,38,84.3926938,OMR,Interior,D,TT
Contra Costa PP Number 01,1/8/2001,1030,74,94.68792213,OMR,Interior,D,TT
Contra Costa PP Number 01,2/6/2001,943,76,82.30525912,OMR,Interior,D,TT
Contra Costa PP Number 01,3/6/2001,753,99,70.05240742,OMR,Interior,D,TT
Contra Costa PP Number 01,4/4/2001,341,33,72.87905364,OMR,Interior,D,TT
Contra Costa PP Number 01,6/6/2001,335,32,80.28545946,OMR,Interior,D,TT
Contra Costa PP Number 01,11/6/2001,898,51,92.77803114,OMR,Interior,D,TT
Contra Costa PP Number 01,12/3/2001,750,54,82.50576236,OMR,Interior,D,TT
Contra Costa PP Number 01,1/8/2002,616,66,54.28372948,OMR,Interior,D,TT
Contra Costa PP Number 01,2/5/2002,385,37,70.70857903,OMR,Interior,D,TT
Contra Costa PP Number 01,4/2/2002,295,23,71.94484474,OMR,Interior,D,TT
Contra Costa PP Number 01,5/6/2002,350,33,71.01564345,OMR,Interior,D,TT
Contra Costa PP Number 01,6/4/2002,330,34,69.35185908,OMR,Interior,D,TT
Contra Costa PP Number 01,7/2/2002,262,16,80.39099747,OMR,Interior,D,TT
Contra Costa PP Number 01,8/5/2002,665,31,83.27712196,OMR,Interior,D,TT
Contra Costa PP Number 01,9/4/2002,854,44,88.12309273,OMR,Interior,D,TT
Contra Costa PP Number 01,10/8/2002,1120,74,89.3846487,OMR,Interior,AN,TT
Contra Costa PP Number 01,11/5/2002,874,57,91.73476989,OMR,Interior,AN,TT
Contra Costa PP Number 01,12/3/2002,850,72,93.0185482,OMR,Interior,AN,TT
Contra Costa PP Number 01,1/7/2003,1010,107,51.99960319,OMR,Interior,AN,TT
Contra Costa PP Number 01,2/3/2003,1070,163,54.06515388,OMR,Interior,AN,TT
Contra Costa PP Number 01,3/3/2003,591,88,60.574921,OMR,Interior,AN,TT
Contra Costa PP Number 01,4/1/2003,663,86,69.81194277,OMR,Interior,AN,TT
Contra Costa PP Number 01,5/6/2003,330,32,51.50084909,OMR,Interior,AN,TT
Contra Costa PP Number 01,6/4/2003,293,29,66.71648137,OMR,Interior,AN,TT
Contra Costa PP Number 01,8/5/2003,348,15,69.2729812,OMR,Interior,AN,TT
Contra Costa PP Number 01,9/10/2003,388,16,81.97587927,OMR,Interior,AN,TT
Contra Costa PP Number 01,10/7/2003,604,27,88.64679121,OMR,Interior,BN,TT
Contra Costa PP Number 01,11/4/2003,673,32,88.40480968,OMR,Interior,BN,TT
Contra Costa PP Number 01,12/3/2003,724,37,87.61870823,OMR,Interior,BN,TT
Contra Costa PP Number 01,1/6/2004,784,55,55.58733795,OMR,Interior,BN,TT
Contra Costa PP Number 01,2/3/2004,322,27,71.8099759,OMR,Interior,BN,TT
Contra Costa PP Number 01,3/2/2004,500,67,49.65011755,OMR,Interior,BN,TT
Contra Costa PP Number 01,4/6/2004,238,19,69.18983307,OMR,Interior,BN,TT
Contra Costa PP Number 01,5/4/2004,233,19,76.25300399,OMR,Interior,BN,TT
Contra Costa PP Number 01,6/8/2004,308,21,86.24729429,OMR,Interior,BN,TT
Contra Costa PP Number 01,7/7/2004,430,23,83.05294294,OMR,Interior,BN,TT
Contra Costa PP Number 01,8/3/2004,470,24,81.28623188,OMR,Interior,BN,TT
Contra Costa PP Number 01,9/8/2004,540,26,83.45154489,OMR,Interior,BN,TT
Contra Costa PP Number 01,10/6/2004,730,34,80.20091081,OMR,Interior,AN,TT
Contra Costa PP Number 01,11/1/2004,765,42,83.50140273,OMR,Interior,AN,TT
Contra Costa PP Number 01,12/6/2004,579,50,88.99645057,OMR,Interior,AN,TT
Contra Costa PP Number 01,1/3/2005,640,49,63.06546569,OMR,Interior,AN,TT
Contra Costa PP Number 01,2/7/2005,379,45,66.68285541,OMR,Interior,AN,TT
Contra Costa PP Number 01,3/7/2005,654,98,57.47547175,OMR,Interior,AN,TT
Contra Costa PP Number 01,4/4/2005,499,62,55.79737907,OMR,Interior,AN,TT
Contra Costa PP Number 01,5/3/2005,346,39,60.83995013,OMR,Interior,AN,TT
Contra Costa PP Number 01,6/7/2005,256,29,54.24209382,OMR,Interior,AN,TT
Contra Costa PP Number 01,7/6/2005,151,11,69.97360216,OMR,Interior,AN,TT
Contra Costa PP Number 01,8/2/2005,196,12,80.7913406,OMR,Interior,AN,TT
Contra Costa PP Number 01,9/6/2005,418,19,83.07162013,OMR,Interior,AN,TT
Contra Costa PP Number 01,10/3/2005,504,23,81.90521431,OMR,Interior,W,TT
Contra Costa PP Number 01,11/7/2005,468,23,89.68142253,OMR,Interior,W,TT
Contra Costa PP Number 01,12/5/2005,660,36,82.80590189,OMR,Interior,W,TT
Contra Costa PP Number 01,1/3/2006,703,36,0,OMR,Interior,W,TT
Contra Costa PP Number 01,2/6/2006,491,54,52.81827396,OMR,Interior,W,TT
Contra Costa PP Number 01,3/6/2006,232,20,50.66954548,OMR,Interior,W,TT
Contra Costa PP Number 01,4/3/2006,428,52,47.97842568,OMR,Interior,W,TT
Contra Costa PP Number 01,7/5/2006,162,16,67.43685291,OMR,Interior,W,TT
Middle River @ Union Point - P10A,7/5/2006,154,16,67.43685291,OMR,Interior,W,TT
Middle River @ Union Point - P10A,7/5/2006,154,16,67.43685291,SouthDelta,Interior,W,TT
Middle River @ Union Point - P10A,8/2/2006,261,26,78.28975195,OMR,Interior,W,TT
Middle River @ Union Point - P10A,8/2/2006,261,26,78.28975195,SouthDelta,Interior,W,TT
Middle River @ Union Point - P10A,9/6/2006,240,18,78.70958184,OMR,Interior,W,TT
Middle River @ Union Point - P10A,9/6/2006,240,18,78.70958184,SouthDelta,Interior,W,TT
Middle River @ Union Point - P10A,10/3/2006,253,20,79.15994988,OMR,Interior,D,TT
Contra Costa PP Number 01,10/3/2006,272,15,79.15994988,OMR,Interior,D,TT
Middle River @ Union Point - P10A,10/3/2006,253,20,79.15994988,SouthDelta,Interior,D,TT
Middle River @ Union Point - P10A,11/7/2006,274,23,88.98570418,OMR,Interior,D,TT
Contra Costa PP Number 01,11/7/2006,302,16,88.98570418,OMR,Interior,D,TT
Middle River @ Union Point - P10A,11/7/2006,274,23,88.98570418,SouthDelta,Interior,D,TT
Contra Costa PP Number 01,12/5/2006,461,25,88.65054031,OMR,Interior,D,TT
Middle River @ Union Point - P10A,12/5/2006,341,24,88.65054031,OMR,Interior,D,TT
Middle River @ Union Point - P10A,12/5/2006,341,24,88.65054031,SouthDelta,Interior,D,TT
Contra Costa PP Number 01,1/2/2007,704,34,80.23657174,OMR,Interior,D,TT
Middle River @ Union Point - P10A,1/2/2007,490,31,80.23657174,OMR,Interior,D,TT
Middle River @ Union Point - P10A,1/2/2007,490,31,80.23657174,SouthDelta,Interior,D,TT
Middle River @ Union Point - P10A,2/6/2007,460,37,79.89948567,OMR,Interior,D,TT
Contra Costa PP Number 01,2/6/2007,456,25,79.89948567,OMR,Interior,D,TT
Middle River @ Union Point - P10A,2/6/2007,460,37,79.89948567,SouthDelta,Interior,D,TT
Middle River @ Union Point - P10A,3/5/2007,485,51,58.91442023,OMR,Interior,D,TT
Contra Costa PP Number 01,3/5/2007,315,25,58.91442023,OMR,Interior,D,TT
Middle River @ Union Point - P10A,3/5/2007,485,51,58.91442023,SouthDelta,Interior,D,TT
Middle River @ Union Point - P10A,4/2/2007,318,30,72.02877378,OMR,Interior,D,TT
Contra Costa PP Number 01,4/2/2007,255,21,72.02877378,OMR,Interior,D,TT
Middle River @ Union Point - P10A,4/2/2007,318,30,72.02877378,SouthDelta,Interior,D,TT
Middle River @ Union Point - P10A,5/2/2007,346,32,74.44600721,OMR,Interior,D,TT
Contra Costa PP Number 01,5/2/2007,268,20,74.44600721,OMR,Interior,D,TT
Middle River @ Union Point - P10A,5/2/2007,346,32,74.44600721,SouthDelta,Interior,D,TT
Middle River @ Union Point - P10A,6/4/2007,399,43,80.25338455,OMR,Interior,D,TT
Contra Costa PP Number 01,6/4/2007,324,30,80.25338455,OMR,Interior,D,TT
Middle River @ Union Point - P10A,6/4/2007,399,43,80.25338455,SouthDelta,Interior,D,TT
Middle River @ Union Point - P10A,7/2/2007,303,28,80.94470218,OMR,Interior,D,TT
Contra Costa PP Number 01,7/2/2007,264,20,80.94470218,OMR,Interior,D,TT
Middle River @ Union Point - P10A,7/2/2007,303,28,80.94470218,SouthDelta,Interior,D,TT
Contra Costa PP Number 01,8/6/2007,492,21,84.7182393,OMR,Interior,D,TT
Middle River @ Union Point - P10A,8/6/2007,277,12,84.7182393,OMR,Interior,D,TT
Middle River @ Union Point - P10A,8/6/2007,277,12,84.7182393,SouthDelta,Interior,D,TT
Contra Costa PP Number 01,9/5/2007,812,38,85.25541551,OMR,Interior,D,TT
Middle River @ Union Point - P10A,9/5/2007,364,16,85.25541551,OMR,Interior,D,TT
Middle River @ Union Point - P10A,9/5/2007,364,16,85.25541551,SouthDelta,Interior,D,TT
Contra Costa PP Number 01,10/2/2007,928,50,87.02852586,OMR,Interior,C,TT
Middle River @ Union Point - P10A,10/2/2007,335,16,87.02852586,OMR,Interior,C,TT
Middle River @ Union Point - P10A,10/2/2007,335,16,87.02852586,SouthDelta,Interior,C,TT
Contra Costa PP Number 01,11/6/2007,1048,84,89.58054651,OMR,Interior,C,TT
Middle River @ Union Point - P10A,11/6/2007,427,31,89.58054651,OMR,Interior,C,TT
Middle River @ Union Point - P10A,11/6/2007,427,31,89.58054651,SouthDelta,Interior,C,TT
Contra Costa PP Number 01,12/4/2007,1212,136,87.28423839,OMR,Interior,C,TT
Middle River @ Union Point - P10A,12/4/2007,348,19,87.28423839,OMR,Interior,C,TT
Middle River @ Union Point - P10A,12/4/2007,348,19,87.28423839,SouthDelta,Interior,C,TT
Middle River @ Union Point - P10A,1/3/2008,544,32,83.34570353,OMR,Interior,C,TT
Middle River @ Union Point - P10A,1/3/2008,544,32,83.34570353,SouthDelta,Interior,C,TT
Middle River @ Union Point - P10A,2/5/2008,456,46,54.87619201,OMR,Interior,C,TT
Contra Costa PP Number 01,2/5/2008,462,36,54.87619201,OMR,Interior,C,TT
Middle River @ Union Point - P10A,2/5/2008,456,46,54.87619201,SouthDelta,Interior,C,TT
Middle River @ Union Point - P10A,3/4/2008,374,35,66.16351777,OMR,Interior,C,TT
Contra Costa PP Number 01,3/4/2008,361,35,66.16351777,OMR,Interior,C,TT
Middle River @ Union Point - P10A,3/4/2008,374,35,66.16351777,SouthDelta,Interior,C,TT
Contra Costa PP Number 01,4/8/2008,465,58,78.37516679,OMR,Interior,C,TT
Middle River @ Union Point - P10A,4/8/2008,492,52,78.37516679,OMR,Interior,C,TT
Middle River @ Union Point - P10A,4/8/2008,492,52,78.37516679,SouthDelta,Interior,C,TT
Middle River @ Union Point - P10A,5/6/2008,503,54,81.24308533,OMR,Interior,C,TT
Contra Costa PP Number 01,5/6/2008,415,43,81.24308533,OMR,Interior,C,TT
Middle River @ Union Point - P10A,5/6/2008,503,54,81.24308533,SouthDelta,Interior,C,TT
Middle River @ Union Point - P10A,6/2/2008,435,43,81.73068377,OMR,Interior,C,TT
Contra Costa PP Number 01,6/2/2008,366,33,81.73068377,OMR,Interior,C,TT
Middle River @ Union Point - P10A,6/2/2008,435,43,81.73068377,SouthDelta,Interior,C,TT
Middle River @ Union Point - P10A,7/1/2008,318,26,84.87243383,OMR,Interior,C,TT
Contra Costa PP Number 01,7/1/2008,287,20,84.87243383,OMR,Interior,C,TT
Middle River @ Union Point - P10A,7/1/2008,318,26,84.87243383,SouthDelta,Interior,C,TT
Contra Costa PP Number 01,8/5/2008,492,22,88.35573476,OMR,Interior,C,TT
Middle River @ Union Point - P10A,8/5/2008,304,16,88.35573476,OMR,Interior,C,TT
Middle River @ Union Point - P10A,8/5/2008,304,16,88.35573476,SouthDelta,Interior,C,TT
Contra Costa PP Number 01,9/2/2008,744,36,88.7732302,OMR,Interior,C,TT
Middle River @ Union Point - P10A,9/2/2008,387,19,88.7732302,OMR,Interior,C,TT
Middle River @ Union Point - P10A,9/2/2008,387,19,88.7732302,SouthDelta,Interior,C,TT
Contra Costa PP Number 01,10/1/2008,870,37,88.30977329,OMR,Interior,D,TT
Middle River @ Union Point - P10A,10/1/2008,461,22,88.30977329,OMR,Interior,D,TT
Middle River @ Union Point - P10A,10/1/2008,461,22,88.30977329,SouthDelta,Interior,D,TT
Contra Costa PP Number 01,11/3/2008,642,30,93.02142734,OMR,Interior,D,TT
Middle River @ Union Point - P10A,11/3/2008,443,28,93.02142734,OMR,Interior,D,TT
Middle River @ Union Point - P10A,11/3/2008,443,28,93.02142734,SouthDelta,Interior,D,TT
Contra Costa PP Number 01,12/2/2008,574,33,92.75840841,OMR,Interior,D,TT
Middle River @ Union Point - P10A,12/2/2008,511,27,92.75840841,OMR,Interior,D,TT
Middle River @ Union Point - P10A,12/2/2008,511,27,92.75840841,SouthDelta,Interior,D,TT
Old River @ Tracy Road Bridge - P12,12/11/2008,1047,137,93.85276614,SouthDelta,Interior,D,TT
Grant Line Canal @ Tracy Blvd,12/11/2008,898,118,93.85276614,SouthDelta,Interior,D,TT
Old River @ Middle River,12/22/2008,900,122,92.48009562,SouthDelta,Interior,D,TT
Old River @ Tracy Road Bridge - P12,12/23/2008,1257,177,91.80575032,SouthDelta,Interior,D,TT
Grant Line Canal @ Tracy Blvd,12/23/2008,928,126,91.80575032,SouthDelta,Interior,D,TT
Middle River @ Union Point - P10A,1/6/2009,589,37,86.18470086,OMR,Interior,D,TT
Middle River @ Union Point - P10A,1/6/2009,589,37,86.18470086,SouthDelta,Interior,D,TT
Old River @ Middle River,1/7/2009,962,140,86.91076865,SouthDelta,Interior,D,TT
Old River @ Tracy Road Bridge - P12,1/12/2009,1092,151,89.32251087,SouthDelta,Interior,D,TT
Grant Line Canal @ Tracy Blvd,1/12/2009,1009,138,89.32251087,SouthDelta,Interior,D,TT
Old River @ Tracy Road Bridge - P12,1/26/2009,995,136,88.07443799,SouthDelta,Interior,D,TT
Grant Line Canal @ Tracy Blvd,1/26/2009,952,131,88.07443799,SouthDelta,Interior,D,TT
Old River @ Middle River,1/29/2009,862,124,83.77227583,SouthDelta,Interior,D,TT
Middle River @ Union Point - P10A,2/3/2009,633,40,84.30493265,OMR,Interior,D,TT
Contra Costa PP Number 01,2/3/2009,794,38,84.30493265,OMR,Interior,D,TT
Middle River @ Union Point - P10A,2/3/2009,633,40,84.30493265,SouthDelta,Interior,D,TT
Old River @ Middle River,2/10/2009,1079,163,84.02790463,SouthDelta,Interior,D,TT
Old River @ Tracy Road Bridge - P12,2/11/2009,1093,166,83.0036227,SouthDelta,Interior,D,TT
Grant Line Canal @ Tracy Blvd,2/11/2009,1068,164,83.0036227,SouthDelta,Interior,D,TT
Old River @ Middle River,2/25/2009,844,122,63.13375011,SouthDelta,Interior,D,TT
Old River @ Tracy Road Bridge - P12,2/26/2009,911,133,60.14582078,SouthDelta,Interior,D,TT
Grant Line Canal @ Tracy Blvd,2/26/2009,840,121,60.14582078,SouthDelta,Interior,D,TT
Middle River @ Union Point - P10A,3/2/2009,583,50,65.57301543,OMR,Interior,D,TT
Middle River @ Union Point - P10A,3/2/2009,583,50,65.57301543,SouthDelta,Interior,D,TT
Old River @ Tracy Road Bridge - P12,3/9/2009,868,133,54.40866096,SouthDelta,Interior,D,TT
Grant Line Canal @ Tracy Blvd,3/9/2009,728,104,54.40866096,SouthDelta,Interior,D,TT
Old River @ Middle River,3/16/2009,1043,155,64.397985,SouthDelta,Interior,D,TT
Old River @ Tracy Road Bridge - P12,3/23/2009,1179,173,67.34893515,SouthDelta,Interior,D,TT
Grant Line Canal @ Tracy Blvd,3/23/2009,1156,167,67.34893515,SouthDelta,Interior,D,TT
Old River @ Middle River,4/1/2009,1008,143,73.95020527,SouthDelta,Interior,D,TT
Middle River @ Union Point - P10A,4/7/2009,314,23,75.36176628,OMR,Interior,D,TT
Middle River @ Union Point - P10A,4/7/2009,314,23,75.36176628,SouthDelta,Interior,D,TT
Old River @ Tracy Road Bridge - P12,4/9/2009,1013,135,75.01511525,SouthDelta,Interior,D,TT
Grant Line Canal @ Tracy Blvd,4/9/2009,844,104,75.01511525,SouthDelta,Interior,D,TT
Old River @ Middle River,4/16/2009,694,84,67.73613947,SouthDelta,Interior,D,TT
Old River @ Tracy Road Bridge - P12,4/23/2009,814,107,79.53429049,SouthDelta,Interior,D,TT
Grant Line Canal @ Tracy Blvd,4/23/2009,463,54,79.53429049,SouthDelta,Interior,D,TT
Middle River @ Union Point - P10A,5/5/2009,358,28,73.26168644,OMR,Interior,D,TT
Middle River @ Union Point - P10A,5/5/2009,358,28,73.26168644,SouthDelta,Interior,D,TT
Old River @ Tracy Road Bridge - P12,5/7/2009,554,69,68.40551796,SouthDelta,Interior,D,TT
Grant Line Canal @ Tracy Blvd,5/7/2009,425,50,68.40551796,SouthDelta,Interior,D,TT
Old River @ Tracy Road Bridge - P12,5/21/2009,488,58,75.54540529,SouthDelta,Interior,D,TT
Grant Line Canal @ Tracy Blvd,5/21/2009,353,37,75.54540529,SouthDelta,Interior,D,TT
Middle River @ Union Point - P10A,6/2/2009,336,28,74.90839371,OMR,Interior,D,TT
Middle River @ Union Point - P10A,6/2/2009,336,28,74.90839371,SouthDelta,Interior,D,TT
Old River @ Tracy Road Bridge - P12,6/8/2009,739,90,77.24823856,SouthDelta,Interior,D,TT
Grant Line Canal @ Tracy Blvd,6/8/2009,550,62,77.24823856,SouthDelta,Interior,D,TT
Middle River @ Union Point - P10A,7/7/2009,228,14,82.06398554,OMR,Interior,D,TT
Middle River @ Union Point - P10A,7/7/2009,228,14,82.06398554,SouthDelta,Interior,D,TT
Middle River @ Union Point - P10A,8/4/2009,265,12,84.14076361,OMR,Interior,D,TT
Middle River @ Union Point - P10A,8/4/2009,265,12,84.14076361,SouthDelta,Interior,D,TT
Middle River @ Union Point - P10A,9/9/2009,345,15,84.37552482,OMR,Interior,D,TT
Middle River @ Union Point - P10A,9/9/2009,345,15,84.37552482,SouthDelta,Interior,D,TT
Middle River @ Union Point - P10A,10/6/2009,411,21,87.99178837,OMR,Interior,BN,TT
Middle River @ Union Point - P10A,10/6/2009,411,21,87.99178837,SouthDelta,Interior,BN,TT
Middle River @ Union Point - P10A,11/3/2009,352,23,88.3635176,OMR,Interior,BN,TT
Middle River @ Union Point - P10A,11/3/2009,352,23,88.3635176,SouthDelta,Interior,BN,TT
Middle River @ Union Point - P10A,12/1/2009,320,19,92.29828513,OMR,Interior,BN,TT
Middle River @ Union Point - P10A,12/1/2009,320,19,92.29828513,SouthDelta,Interior,BN,TT
San Joaquin River @ Mossdale Bridge - C7A,12/12/2009,789,110,92.72553683,SJRcorridor,Interior,BN,TT
SAN JOAQUIN R A BRANDT BR        ,12/12/2009,766,107,92.72553683,SJRcorridor,Interior,BN,TT
Middle River @ Union Point - P10A,1/5/2010,466,28,86.26711441,OMR,Interior,BN,TT
Middle River @ Union Point - P10A,1/5/2010,466,28,86.26711441,SouthDelta,Interior,BN,TT
SAN JOAQUIN R A BRANDT BR        ,1/12/2010,928,140,91.08275529,SJRcorridor,Interior,BN,TT
San Joaquin River @ Mossdale Bridge - C7A,1/12/2010,1008,146,91.08275529,SJRcorridor,Interior,BN,TT
SAN JOAQUIN R A BRANDT BR        ,1/18/2010,945,141,86.04685619,SJRcorridor,Interior,BN,TT
San Joaquin River @ Mossdale Bridge - C7A,1/18/2010,848,125,86.04685619,SJRcorridor,Interior,BN,TT
San Joaquin River @ Mossdale Bridge - C7A,1/20/2010,778,112,82.2895829,SJRcorridor,Interior,BN,TT
SAN JOAQUIN R A BRANDT BR        ,1/20/2010,923,137,82.2895829,SJRcorridor,Interior,BN,TT
Middle River @ Union Point - P10A,2/2/2010,536,43,54.29400396,OMR,Interior,BN,TT
Middle River @ Union Point - P10A,2/2/2010,536,43,54.29400396,SouthDelta,Interior,BN,TT
Middle River @ Union Point - P10A,3/2/2010,483,45,63.81753273,OMR,Interior,BN,TT
Middle River @ Union Point - P10A,3/2/2010,483,45,63.81753273,SouthDelta,Interior,BN,TT
Middle River @ Union Point - P10A,4/6/2010,441,43,68.63765096,OMR,Interior,BN,TT
Middle River @ Union Point - P10A,4/6/2010,441,43,68.63765096,SouthDelta,Interior,BN,TT
Middle River @ Union Point - P10A,5/4/2010,400,48,57.05251942,OMR,Interior,BN,TT
Middle River @ Union Point - P10A,5/4/2010,400,48,57.05251942,SouthDelta,Interior,BN,TT
Middle River @ Union Point - P10A,6/8/2010,288,28,67.97063022,OMR,Interior,BN,TT
Middle River @ Union Point - P10A,6/8/2010,288,28,67.97063022,SouthDelta,Interior,BN,TT
Middle River @ Union Point - P10A,7/6/2010,241,20,80.72423904,OMR,Interior,BN,TT
Middle River @ Union Point - P10A,7/6/2010,241,20,80.72423904,SouthDelta,Interior,BN,TT
Middle River @ Union Point - P10A,8/2/2010,189,10,79.32890201,OMR,Interior,BN,TT
Middle River @ Union Point - P10A,8/2/2010,189,10,79.32890201,SouthDelta,Interior,BN,TT
Middle River @ Union Point - P10A,9/7/2010,294,14,86.84207092,OMR,Interior,BN,TT
Middle River @ Union Point - P10A,9/7/2010,294,14,86.84207092,SouthDelta,Interior,BN,TT
Middle River @ Union Point - P10A,10/5/2010,340,16,83.98583932,OMR,Interior,W,TT
Middle River @ Union Point - P10A,10/5/2010,340,16,83.98583932,SouthDelta,Interior,W,TT
Middle River @ Union Point - P10A,11/3/2010,334,20,84.63274041,OMR,Interior,W,TT
Middle River @ Union Point - P10A,11/3/2010,334,20,84.63274041,SouthDelta,Interior,W,TT
Middle River @ Union Point - P10A,12/6/2010,321,16,84.27592276,OMR,Interior,W,TT
Middle River @ Union Point - P10A,12/6/2010,321,16,84.27592276,SouthDelta,Interior,W,TT
Middle River @ Union Point - P10A,1/3/2011,274,27,53.33698971,OMR,Interior,W,TT
Middle River @ Union Point - P10A,1/3/2011,274,27,53.33698971,SouthDelta,Interior,W,TT
San Joaquin River at Holt Rd.,1/19/2011,247,25,66.73352135,SJRcorridor,Interior,W,TT
Middle River @ Union Point - P10A,2/7/2011,334,35,64.18410148,OMR,Interior,W,TT
Middle River @ Union Point - P10A,2/7/2011,334,35,64.18410148,SouthDelta,Interior,W,TT
Middle River @ Union Point - P10A,3/7/2011,372,40,56.35666923,OMR,Interior,W,TT
Middle River @ Union Point - P10A,3/7/2011,372,40,56.35666923,SouthDelta,Interior,W,TT
Middle River @ Union Point - P10A,4/4/2011,247,23,0,OMR,Interior,W,TT
Middle River @ Union Point - P10A,4/4/2011,247,23,0,SouthDelta,Interior,W,TT
Middle River @ Union Point - P10A,5/2/2011,199,18,57.60965856,OMR,Interior,W,TT
Middle River @ Union Point - P10A,5/2/2011,199,18,57.60965856,SouthDelta,Interior,W,TT
Rock Slough at Delta Road Bridge,6/6/2011,259,29,57.57300551,OMR,Interior,W,TT
Middle River @ Union Point - P10A,6/6/2011,257,27,57.57300551,OMR,Interior,W,TT
Middle River @ Union Point - P10A,6/6/2011,257,27,57.57300551,SouthDelta,Interior,W,TT
Middle River @ Union Point - P10A,7/5/2011,184,16,56.36389323,OMR,Interior,W,TT
Rock Slough at Delta Road Bridge,7/5/2011,169,12,56.36389323,OMR,Interior,W,TT
Middle River @ Union Point - P10A,7/5/2011,184,16,56.36389323,SouthDelta,Interior,W,TT
Middle River @ Union Point - P10A,10/7/2013,430,19,87.90258861,OMR,Interior,C,TT
Middle River @ Union Point - P10A,10/7/2013,430,19,87.90258861,SouthDelta,Interior,C,TT
Middle River @ Union Point - P10A,11/4/2013,463,25,90.34617646,OMR,Interior,C,TT
Middle River @ Union Point - P10A,11/4/2013,463,25,90.34617646,SouthDelta,Interior,C,TT
Middle River @ Union Point - P10A,12/2/2013,507,25,93.39492499,OMR,Interior,C,TT
Middle River @ Union Point - P10A,12/2/2013,507,25,93.39492499,SouthDelta,Interior,C,TT
Middle River @ Union Point - P10A,1/6/2014,601,32,92.33233742,OMR,Interior,C,TT
Middle River @ Union Point - P10A,1/6/2014,601,32,92.33233742,SouthDelta,Interior,C,TT
Middle River @ Union Point - P10A,2/3/2014,774,46,93.92384943,OMR,Interior,C,TT
Middle River @ Union Point - P10A,2/3/2014,774,46,93.92384943,SouthDelta,Interior,C,TT
Middle River @ Union Point - P10A,3/3/2014,725,56,80.57624471,OMR,Interior,C,TT
Middle River @ Union Point - P10A,3/3/2014,725,56,80.57624471,SouthDelta,Interior,C,TT
Middle River @ Union Point - P10A,4/7/2014,459,31,75.44547873,OMR,Interior,C,TT
Middle River @ Union Point - P10A,4/7/2014,459,31,75.44547873,SouthDelta,Interior,C,TT
Middle River @ Union Point - P10A,5/5/2014,483,34,87.63000727,OMR,Interior,C,TT
Middle River @ Union Point - P10A,5/5/2014,483,34,87.63000727,SouthDelta,Interior,C,TT
Middle River @ Union Point - P10A,6/2/2014,436,28,93.56618111,OMR,Interior,C,TT
Middle River @ Union Point - P10A,6/2/2014,436,28,93.56618111,SouthDelta,Interior,C,TT
Middle River @ Union Point - P10A,7/7/2014,541,26,90.2187572,OMR,Interior,C,TT
Middle River @ Union Point - P10A,7/7/2014,541,26,90.2187572,SouthDelta,Interior,C,TT
Middle River @ Union Point - P10A,8/4/2014,490,21,88.73599436,OMR,Interior,C,TT
Middle River @ Union Point - P10A,8/4/2014,490,21,88.73599436,SouthDelta,Interior,C,TT
Middle River @ Union Point - P10A,9/2/2014,452,19,90.3346038,OMR,Interior,C,TT
Middle River @ Union Point - P10A,9/2/2014,452,19,90.3346038,SouthDelta,Interior,C,TT
Middle River @ Union Point - P10A,10/6/2014,503,21,94.77701545,OMR,Interior,C,TT
Middle River @ Union Point - P10A,10/6/2014,503,21,94.77701545,SouthDelta,Interior,C,TT
Middle River @ Union Point - P10A,11/3/2014,613,25,92.39401068,OMR,Interior,C,TT
Middle River @ Union Point - P10A,11/3/2014,613,25,92.39401068,SouthDelta,Interior,C,TT
Middle River @ Union Point - P10A,12/1/2014,542,24,93.6049299,OMR,Interior,C,TT
Middle River @ Union Point - P10A,12/1/2014,542,24,93.6049299,SouthDelta,Interior,C,TT
Middle River @ Union Point - P10A,1/5/2015,470,36,71.50190239,OMR,Interior,C,TT
Middle River @ Union Point - P10A,1/5/2015,470,36,71.50190239,SouthDelta,Interior,C,TT
Middle River @ Union Point - P10A,2/3/2015,415,33,87.92593622,OMR,Interior,C,TT
Middle River @ Union Point - P10A,2/3/2015,415,33,87.92593622,SouthDelta,Interior,C,TT
Middle River @ Union Point - P10A,3/2/2015,406,30,78.10690622,OMR,Interior,C,TT
Middle River @ Union Point - P10A,3/2/2015,406,30,78.10690622,SouthDelta,Interior,C,TT
Middle River @ Union Point - P10A,4/6/2015,419,30,88.0123047,OMR,Interior,C,TT
Middle River @ Union Point - P10A,4/6/2015,419,30,88.0123047,SouthDelta,Interior,C,TT
Middle River @ Union Point - P10A,5/4/2015,568,36,94.17154572,OMR,Interior,C,TT
Middle River @ Union Point - P10A,5/4/2015,568,36,94.17154572,SouthDelta,Interior,C,TT
Middle River @ Union Point - P10A,6/1/2015,697,40,93.2549537,OMR,Interior,C,TT
Middle River @ Union Point - P10A,6/1/2015,697,40,93.2549537,SouthDelta,Interior,C,TT
Middle River @ Union Point - P10A,7/6/2015,667,33,95.81957478,OMR,Interior,C,TT
Middle River @ Union Point - P10A,7/6/2015,667,33,95.81957478,SouthDelta,Interior,C,TT
Middle River @ Union Point - P10A,8/3/2015,648,29,95.38511805,OMR,Interior,C,TT
Middle River @ Union Point - P10A,8/3/2015,648,29,95.38511805,SouthDelta,Interior,C,TT
Middle River @ Union Point - P10A,9/9/2015,581,24,94.75346141,OMR,Interior,C,TT
Middle River @ Union Point - P10A,9/9/2015,581,24,94.75346141,SouthDelta,Interior,C,TT
Middle River @ Union Point - P10A,10/5/2015,616,25,94.93479848,OMR,Interior,BN,TT
Middle River @ Union Point - P10A,10/5/2015,616,25,94.93479848,SouthDelta,Interior,BN,TT
Middle River @ Union Point - P10A,11/2/2015,675,28,93.88533024,OMR,Interior,BN,TT
Middle River @ Union Point - P10A,11/2/2015,675,28,93.88533024,SouthDelta,Interior,BN,TT
Middle River @ Union Point - P10A,12/7/2015,710,34,94.9140377,OMR,Interior,BN,TT
Middle River @ Union Point - P10A,12/7/2015,710,34,94.9140377,SouthDelta,Interior,BN,TT
Middle River @ Union Point - P10A,1/4/2016,601,31,89.47617765,OMR,Interior,BN,TT
Middle River @ Union Point - P10A,1/4/2016,601,31,89.47617765,SouthDelta,Interior,BN,TT
Middle River @ Union Point - P10A,2/3/2016,488,38,59.65346245,OMR,Interior,BN,TT
Middle River @ Union Point - P10A,2/3/2016,488,38,59.65346245,SouthDelta,Interior,BN,TT
Middle River @ Union Point - P10A,3/10/2016,321,25,62.66343249,OMR,Interior,BN,TT
Middle River @ Union Point - P10A,3/10/2016,321,25,62.66343249,SouthDelta,Interior,BN,TT
Middle River @ Union Point - P10A,4/7/2016,328,28,66.37589317,OMR,Interior,BN,TT
Middle River @ Union Point - P10A,4/7/2016,328,28,66.37589317,SouthDelta,Interior,BN,TT
Middle River @ Union Point - P10A,5/3/2016,461,46,75.47029728,OMR,Interior,BN,TT
Middle River @ Union Point - P10A,5/3/2016,461,46,75.47029728,SouthDelta,Interior,BN,TT
Middle River @ Union Point - P10A,6/7/2016,319,25,82.94141541,OMR,Interior,BN,TT
Middle River @ Union Point - P10A,6/7/2016,319,25,82.94141541,SouthDelta,Interior,BN,TT
Middle River @ Union Point - P10A,7/6/2016,222,13,84.55059684,OMR,Interior,BN,TT
Middle River @ Union Point - P10A,7/6/2016,222,13,84.55059684,SouthDelta,Interior,BN,TT
Middle River @ Union Point - P10A,8/1/2016,207,10,83.57049111,OMR,Interior,BN,TT
Middle River @ Union Point - P10A,8/1/2016,207,10,83.57049111,SouthDelta,Interior,BN,TT
Middle River @ Union Point - P10A,9/7/2016,288,13,84.03725468,OMR,Interior,BN,TT
Middle River @ Union Point - P10A,9/7/2016,288,13,84.03725468,SouthDelta,Interior,BN,TT
Middle River @ Union Point - P10A,10/4/2016,387,17,86.5637221,OMR,Interior,W,TT
Middle River @ Union Point - P10A,10/4/2016,387,17,86.5637221,SouthDelta,Interior,W,TT
Middle River @ Union Point - P10A,11/7/2016,353,18,87.41045331,OMR,Interior,W,TT
Middle River @ Union Point - P10A,11/7/2016,353,18,87.41045331,SouthDelta,Interior,W,TT
Middle River @ Union Point - P10A,12/7/2016,398,18,83.68530205,OMR,Interior,W,TT
Middle River @ Union Point - P10A,12/7/2016,398,18,83.68530205,SouthDelta,Interior,W,TT
Middle River @ Union Point - P10A,1/9/2017,338,21,56.18463132,OMR,Interior,W,TT
Middle River @ Union Point - P10A,1/9/2017,338,21,56.18463132,SouthDelta,Interior,W,TT
Middle River @ Union Point - P10A,2/6/2017,258,27,50.46962633,OMR,Interior,W,TT
Middle River @ Union Point - P10A,2/6/2017,258,27,50.46962633,SouthDelta,Interior,W,TT
Middle River @ Union Point - P10A,3/8/2017,187,19,46.65054443,OMR,Interior,W,TT
Middle River @ Union Point - P10A,3/8/2017,187,19,46.65054443,SouthDelta,Interior,W,TT
Middle River @ Union Point - P10A,4/3/2017,201,20,49.18404199,OMR,Interior,W,TT
Middle River @ Union Point - P10A,4/3/2017,201,20,49.18404199,SouthDelta,Interior,W,TT
Middle River @ Union Point - P10A,5/3/2017,120,9,50.00669585,OMR,Interior,W,TT
Middle River @ Union Point - P10A,5/3/2017,120,9,50.00669585,SouthDelta,Interior,W,TT
Middle River @ Union Point - P10A,6/5/2017,177,15,57.96351261,OMR,Interior,W,TT
Middle River @ Union Point - P10A,6/5/2017,177,15,57.96351261,SouthDelta,Interior,W,TT
Middle River @ Union Point - P10A,7/10/2017,177,15,70.04911852,OMR,Interior,W,TT
Middle River @ Union Point - P10A,7/10/2017,177,15,70.04911852,SouthDelta,Interior,W,TT
Middle River @ Union Point - P10A,8/7/2017,217,15,80.74384873,OMR,Interior,W,TT
Middle River @ Union Point - P10A,8/7/2017,217,15,80.74384873,SouthDelta,Interior,W,TT
Middle River @ Union Point - P10A,9/7/2017,193,11,77.48586469,OMR,Interior,W,TT
Middle River @ Union Point - P10A,9/7/2017,193,11,77.48586469,SouthDelta,Interior,W,TT
Middle River @ Union Point - P10A,10/2/2017,186,10,77.2692402,OMR,Interior,BN,TT
Middle River @ Union Point - P10A,10/2/2017,186,10,77.2692402,SouthDelta,Interior,BN,TT
Middle River @ Union Point - P10A,12/4/2017,246,15,83.87250454,OMR,Interior,BN,TT
Middle River @ Union Point - P10A,12/4/2017,246,15,83.87250454,SouthDelta,Interior,BN,TT
Middle River @ Union Point - P10A,1/8/2018,456,27,84.74492337,OMR,Interior,BN,TT
Middle River @ Union Point - P10A,1/8/2018,456,27,84.74492337,SouthDelta,Interior,BN,TT
C10A - San Joaquin River near Vernalis @ SJR Club,1/16/2018,718,111,76,SJRcorridor,Interior,BN,IT
Eastside Delta Mendota Canal intake at Jones PP,1/17/2018,546.1,40,76,OMR,Interior,BN,IT
C10A - San Joaquin River near Vernalis @ SJR Club,1/22/2018,640,83,73,SJRcorridor,Interior,BN,IT
Middle River @ Union Point - P10A,2/5/2018,395,33,73,OMR,Interior,BN,IT
Middle River @ Union Point - P10A,2/5/2018,402,33,74.06112596,OMR,Interior,BN,TT
Middle River @ Union Point - P10A,2/5/2018,402,33,74.06112596,SouthDelta,Interior,BN,TT
C10A - San Joaquin River near Vernalis @ SJR Club,2/7/2018,670,84,72,SJRcorridor,Interior,BN,IT
C10A - San Joaquin River near Vernalis @ SJR Club,2/12/2018,515,61,78,SJRcorridor,Interior,BN,IT
Eastside Delta Mendota Canal intake at Jones PP,2/14/2018,546,64,77,OMR,Interior,BN,IT
C10A - San Joaquin River near Vernalis @ SJR Club,2/20/2018,494,61,73,SJRcorridor,Interior,BN,IT
C10A - San Joaquin River near Vernalis @ SJR Club,3/20/2018,454,58,69,SJRcorridor,Interior,BN,IT
Eastside Delta Mendota Canal intake at Jones PP,3/21/2018,474,52,71,OMR,Interior,BN,IT
Middle River @ Union Point - P10A,4/9/2018,365.4,36,56,OMR,Interior,BN,IT
Middle River @ Union Point - P10A,4/9/2018,358,36,54.04390508,OMR,Interior,BN,TT
Middle River @ Union Point - P10A,4/9/2018,358,36,54.04390508,SouthDelta,Interior,BN,TT
C10A - San Joaquin River near Vernalis @ SJR Club,4/11/2018,178,18,58,SJRcorridor,Interior,BN,IT
Eastside Delta Mendota Canal intake at Jones PP,4/18/2018,251.4,28,58,OMR,Interior,BN,IT
C10A - San Joaquin River near Vernalis @ SJR Club,4/19/2018,245,28,60,SJRcorridor,Interior,BN,IT
C10A - San Joaquin River near Vernalis @ SJR Club,4/23/2018,284.2,31,62,SJRcorridor,Interior,BN,IT
Middle River @ Union Point - P10A,5/7/2018,354,39,66,OMR,Interior,BN,IT
C10A - San Joaquin River near Vernalis @ SJR Club,5/7/2018,132,13,66,SJRcorridor,Interior,BN,IT
Middle River @ Union Point - P10A,5/7/2018,352,39,64.92049336,OMR,Interior,BN,TT
Middle River @ Union Point - P10A,5/7/2018,352,39,64.92049336,SouthDelta,Interior,BN,TT
C10A - San Joaquin River near Vernalis @ SJR Club,5/16/2018,185,18,74,SJRcorridor,Interior,BN,IT
Eastside Delta Mendota Canal intake at Jones PP,5/17/2018,230,23,74,OMR,Interior,BN,IT
C10A - San Joaquin River near Vernalis @ SJR Club,5/21/2018,192,19,73,SJRcorridor,Interior,BN,IT
C10A - San Joaquin River near Vernalis @ SJR Club,6/4/2018,441,46,73,SJRcorridor,Interior,BN,IT
Middle River @ Union Point - P10A,6/5/2018,286.4,23,73,OMR,Interior,BN,IT
Middle River @ Union Point - P10A,6/5/2018,284,23,74.73149108,OMR,Interior,BN,TT
Middle River @ Union Point - P10A,6/5/2018,284,23,74.73149108,SouthDelta,Interior,BN,TT
C10A - San Joaquin River near Vernalis @ SJR Club,6/12/2018,299,29,80,SJRcorridor,Interior,BN,IT
SGA,6/20/2018,664,80,81,SouthDelta,Interior,BN,NCRO
PDC,6/20/2018,855,95,81,SouthDelta,Interior,BN,NCRO
Middle River @ Union Point - P10A,7/9/2018,246,15,82.60710477,OMR,Interior,BN,TT
Middle River @ Union Point - P10A,7/9/2018,246,15,82.60710477,SouthDelta,Interior,BN,TT
Middle River @ Union Point - P10A,8/6/2018,197,9,82.35063213,OMR,Interior,BN,TT
Middle River @ Union Point - P10A,8/6/2018,197,9,82.35063213,SouthDelta,Interior,BN,TT
Middle River @ Union Point - P10A,9/10/2018,346,13,84.8982076,OMR,Interior,BN,TT
Middle River @ Union Point - P10A,9/10/2018,346,13,84.8982076,SouthDelta,Interior,BN,TT
OH1,1/8/2019,940,120,79,SouthDelta,Interior,W,NCRO
ORX,1/8/2019,944,120,79,SouthDelta,Interior,W,NCRO
GLE,1/8/2019,977,125,79,SouthDelta,Interior,W,NCRO
Paradise Cut Upstream,1/15/2019,2111,233,77,SouthDelta,Interior,W,IT
Sugar Cut downstream of Tom Paine Slough,1/15/2019,1150,150,77,SouthDelta,Interior,W,IT
Old River at Tracy Wildlife Association,1/15/2019,972,123.5,77,SouthDelta,Interior,W,IT
C10A - San Joaquin River near Vernalis @ SJR Club,1/15/2019,812,107,77,SJRcorridor,Interior,W,IT
Paradise Cut,1/15/2019,811,105,77,SouthDelta,Interior,W,IT
Eastside Delta Mendota Canal intake at Jones PP,1/15/2019,671,86.5,77,OMR,Interior,W,IT
PDUP,1/15/2019,2110,233,77,SouthDelta,Interior,W,NCRO
SGA,1/15/2019,1170,150,77,SouthDelta,Interior,W,NCRO
PDC,1/15/2019,822,105,77,SouthDelta,Interior,W,NCRO
TWA,1/15/2019,977,123.5,77,SouthDelta,Interior,W,NCRO
Old River below Headwaters,1/30/2019,932,122,63,SJRcorridor,Interior,W,IT
Old River near Doughty Cut - ORX,1/30/2019,916,120,63,SouthDelta,Interior,W,IT
Grant Line Canal East,1/30/2019,879,115,63,SouthDelta,Interior,W,IT
OH1,1/30/2019,944,122,63,SouthDelta,Interior,W,NCRO
ORX,1/30/2019,928,120,63,SouthDelta,Interior,W,NCRO
GLE,1/30/2019,891,115,63,SouthDelta,Interior,W,NCRO
Middle River @ Union Point - P10A,2/4/2019,395.8,31,68,OMR,Interior,W,IT
Eastside Delta Mendota Canal intake at Jones PP,2/12/2019,444.4,43,60,OMR,Interior,W,IT
C10A - San Joaquin River near Vernalis @ SJR Club,2/14/2019,321,41,68,SJRcorridor,Interior,W,IT
Grant Line Canal East,5/1/2019,190.3,19,57,SouthDelta,Interior,W,IT
Old River below Headwaters,5/1/2019,185.9,18.5,57,SJRcorridor,Interior,W,IT
Old River near Doughty Cut - ORX,5/1/2019,184.9,18,57,SouthDelta,Interior,W,IT
OH1,5/1/2019,188,18.5,57,SouthDelta,Interior,W,NCRO
ORX,5/1/2019,187,18,57,SouthDelta,Interior,W,NCRO
GLE,5/1/2019,192,19,57,SouthDelta,Interior,W,NCRO
Middle River @ Union Point - P10A,5/8/2019,265.1,28,58,OMR,Interior,W,IT
C10A - San Joaquin River near Vernalis @ SJR Club,5/8/2019,115.7,10,58,SJRcorridor,Interior,W,IT
C10A - San Joaquin River near Vernalis @ SJR Club,5/14/2019,118,10,60,SJRcorridor,Interior,W,IT
Eastside Delta Mendota Canal intake at Jones PP,5/16/2019,132,12,63,OMR,Interior,W,IT
Grant Line Canal East,5/29/2019,88.8,6.46,61,SouthDelta,Interior,W,IT
Old River near Doughty Cut - ORX,5/29/2019,82.3,6,61,SouthDelta,Interior,W,IT
Old River below Headwaters,5/29/2019,78.3,5,61,SJRcorridor,Interior,W,IT
OH1,5/29/2019,79,5,61,SouthDelta,Interior,W,NCRO
ORX,5/29/2019,83,6,61,SouthDelta,Interior,W,NCRO
GLE,5/29/2019,90,6.46,61,SouthDelta,Interior,W,NCRO
Middle River @ Union Point - P10A,6/6/2019,173,14,57,OMR,Interior,W,IT
C10A - San Joaquin River near Vernalis @ SJR Club,6/6/2019,77.8,6,57,SJRcorridor,Interior,W,IT
C10A - San Joaquin River near Vernalis @ SJR Club,6/11/2019,83,6,61,SJRcorridor,Interior,W,IT
Paradise Cut Upstream,6/12/2019,233.8,20,62,SouthDelta,Interior,W,IT
Old River at Tracy Wildlife Association,6/12/2019,105.4,8,62,SouthDelta,Interior,W,IT
PDUP,6/12/2019,233,20,62,SouthDelta,Interior,W,NCRO
TWA,6/12/2019,107,8,62,SouthDelta,Interior,W,NCRO
Eastside Delta Mendota Canal intake at Jones PP,6/13/2019,122.2,9,63,OMR,Interior,W,IT
Sugar Cut downstream of Tom Paine Slough,6/25/2019,125.7,10,67,SouthDelta,Interior,W,IT
Paradise Cut,6/25/2019,110.3,8.25,67,SouthDelta,Interior,W,IT
Old River below Headwaters,6/25/2019,107.6,8,67,SJRcorridor,Interior,W,IT
Grant Line Canal East,6/25/2019,106,8,67,SouthDelta,Interior,W,IT
Old River near Doughty Cut - ORX,6/25/2019,105.1,8,67,SouthDelta,Interior,W,IT
OH1,6/25/2019,107,8,67,SouthDelta,Interior,W,NCRO
ORX,6/25/2019,105,8,67,SouthDelta,Interior,W,NCRO
GLE,6/25/2019,104.5,8,67,SouthDelta,Interior,W,NCRO
PDC,6/25/2019,109,8.25,67,SouthDelta,Interior,W,NCRO
SGA,6/25/2019,128,10,67,SouthDelta,Interior,W,NCRO
Old River at Tracy Wildlife Association,7/1/2019,303.9,32,72,SouthDelta,Interior,W,IT
TWA,7/1/2019,304.5,32,72,SouthDelta,Interior,W,NCRO
C10A - San Joaquin River near Vernalis @ SJR Club,7/8/2019,427,45.4,73,SJRcorridor,Interior,W,IT
Paradise Cut,7/9/2019,870,90,72,SouthDelta,Interior,W,IT
Sugar Cut downstream of Tom Paine Slough,7/9/2019,620,66.6,72,SouthDelta,Interior,W,IT
Grant Line Canal East,7/9/2019,452.8,48.6,72,SouthDelta,Interior,W,IT
Old River below Headwaters,7/9/2019,444.2,48,72,SJRcorridor,Interior,W,IT
Old River near Doughty Cut - ORX,7/9/2019,421.3,45,72,SouthDelta,Interior,W,IT
OH1,7/9/2019,443,48,72,SouthDelta,Interior,W,NCRO
ORX,7/9/2019,422,45,72,SouthDelta,Interior,W,NCRO
GLE,7/9/2019,454,48.6,72,SouthDelta,Interior,W,NCRO
PDC,7/9/2019,814,90,72,SouthDelta,Interior,W,NCRO
SGA,7/9/2019,606,66.6,72,SouthDelta,Interior,W,NCRO
Eastside Delta Mendota Canal intake at Jones PP,7/16/2019,180,8.74,77,OMR,Interior,W,IT
C10A - San Joaquin River near Vernalis @ SJR Club,7/17/2019,245,24,77,SJRcorridor,Interior,W,IT
Paradise Cut Upstream,7/24/2019,1880,191,74,SouthDelta,Interior,W,IT
Old River at Tracy Wildlife Association,7/24/2019,383.4,41,74,SouthDelta,Interior,W,IT
PDUP,7/24/2019,1860,191,74,SouthDelta,Interior,W,NCRO
TWA,7/24/2019,383,41,74,SouthDelta,Interior,W,NCRO
OH1,8/6/2019,415,42.2,81,SouthDelta,Interior,W,NCRO
ORX,8/6/2019,343,34,81,SouthDelta,Interior,W,NCRO
GLE,8/6/2019,398,40.1,81,SouthDelta,Interior,W,NCRO
PDC,8/6/2019,412,41.2,81,SouthDelta,Interior,W,NCRO
SGA,8/6/2019,430,43.1,81,SouthDelta,Interior,W,NCRO
C10A - San Joaquin River near Vernalis @ SJR Club,8/15/2019,188,16.4,75,SJRcorridor,Interior,W,IT
Paradise Cut Upstream,8/21/2019,1501,146,73,SouthDelta,Interior,W,IT
Old River at Tracy Wildlife Association,8/21/2019,232.7,21.4,73,SouthDelta,Interior,W,IT
PDUP,8/21/2019,1470,146,73,SouthDelta,Interior,W,NCRO
TWA,8/21/2019,231,21.4,73,SouthDelta,Interior,W,NCRO
C10A - San Joaquin River near Vernalis @ SJR Club,9/3/2019,212.1,20.4,73,SJRcorridor,Interior,W,IT
Paradise Cut,9/4/2019,615,56.6,73,SouthDelta,Interior,W,IT
Sugar Cut downstream of Tom Paine Slough,9/4/2019,271.5,24.4,73,SouthDelta,Interior,W,IT
Grant Line Canal East,9/4/2019,235.8,22.9,73,SouthDelta,Interior,W,IT
Old River near Doughty Cut - ORX,9/4/2019,236.2,22.9,73,SouthDelta,Interior,W,IT
Old River below Headwaters,9/4/2019,237.6,22.6,73,SJRcorridor,Interior,W,IT
OH1,9/4/2019,237,22.6,73,SouthDelta,Interior,W,NCRO
ORX,9/4/2019,238,22.9,73,SouthDelta,Interior,W,NCRO
GLE,9/4/2019,237,22.9,73,SouthDelta,Interior,W,NCRO
PDC,9/4/2019,533,56.6,73,SouthDelta,Interior,W,NCRO
SGA,9/4/2019,252,24.4,73,SouthDelta,Interior,W,NCRO
Paradise Cut Upstream,9/11/2019,1204,120,72,SouthDelta,Interior,W,IT
Old River at Tracy Wildlife Association,9/11/2019,337.6,35.4,72,SouthDelta,Interior,W,IT
PDUP,9/11/2019,1190,120,72,SouthDelta,Interior,W,NCRO
TWA,9/11/2019,336,35.4,72,SouthDelta,Interior,W,NCRO
C10A - San Joaquin River near Vernalis @ SJR Club,9/17/2019,162,14.3,73,SJRcorridor,Interior,W,IT
Eastside Delta Mendota Canal intake at Jones PP,9/18/2019,280,23.6,73,OMR,Interior,W,IT
Paradise Cut,9/25/2019,966,82.8,76,SouthDelta,Interior,W,IT
Sugar Cut downstream of Tom Paine Slough,9/25/2019,255.7,19.6,76,SouthDelta,Interior,W,IT
Old River below Headwaters,9/25/2019,186.1,16.6,76,SJRcorridor,Interior,W,IT
Old River near Doughty Cut - ORX,9/25/2019,180.2,15.9,76,SouthDelta,Interior,W,IT
Grant Line Canal East,9/25/2019,182.8,15.8,76,SouthDelta,Interior,W,IT
OH1,9/25/2019,184,16.6,76,SouthDelta,Interior,W,NCRO
ORX,9/25/2019,180,15.9,76,SouthDelta,Interior,W,NCRO
GLE,9/25/2019,183,15.8,76,SouthDelta,Interior,W,NCRO
PDC,9/25/2019,752,82.8,76,SouthDelta,Interior,W,NCRO
SGA,9/25/2019,215,19.6,76,SouthDelta,Interior,W,NCRO
Paradise Cut Upstream,10/2/2019,1439,144,74,SouthDelta,Interior,D,IT
Old River at Tracy Wildlife Association,10/2/2019,215.7,22.2,74,SouthDelta,Interior,D,IT
PDUP,10/2/2019,1430,144,74,SouthDelta,Interior,D,NCRO
TWA,10/2/2019,220,22.2,74,SouthDelta,Interior,D,NCRO
C10A - San Joaquin River near Vernalis @ SJR Club,10/7/2019,336,32.2,73,SJRcorridor,Interior,D,IT
Middle River @ Union Point - P10A,10/7/2019,214.9,12.5,73,OMR,Interior,D,IT
C10A - San Joaquin River near Vernalis @ SJR Club,10/15/2019,347,36.4,74,SJRcorridor,Interior,D,IT
Eastside Delta Mendota Canal intake at Jones PP,10/17/2019,300,31,76,OMR,Interior,D,IT
Paradise Cut Upstream,10/29/2019,1587,156,75,SouthDelta,Interior,D,IT
Old River at Tracy Wildlife Association,10/29/2019,277.2,27.8,75,SouthDelta,Interior,D,IT
PDUP,10/29/2019,1580,156,75,SouthDelta,Interior,D,NCRO
TWA,10/29/2019,281,27.8,75,SouthDelta,Interior,D,NCRO
Paradise Cut,11/6/2019,747,69,81,SouthDelta,Interior,D,IT
Sugar Cut downstream of Tom Paine Slough,11/6/2019,564,62.4,81,SouthDelta,Interior,D,IT
C10A - San Joaquin River near Vernalis @ SJR Club,11/6/2019,484.7,49.3,81,SJRcorridor,Interior,D,IT
Old River below Headwaters,11/6/2019,465.9,48,81,SJRcorridor,Interior,D,IT
Old River near Doughty Cut - ORX,11/6/2019,432.2,44,81,SouthDelta,Interior,D,IT
Grant Line Canal East,11/6/2019,415.3,42,81,SouthDelta,Interior,D,IT
Middle River @ Union Point - P10A,11/6/2019,238.1,16.4,81,OMR,Interior,D,IT
OH1,11/6/2019,470,48,81,SouthDelta,Interior,D,NCRO
ORX,11/6/2019,438,44,81,SouthDelta,Interior,D,NCRO
GLE,11/6/2019,418,42,81,SouthDelta,Interior,D,NCRO
PDC,11/6/2019,671,69,81,SouthDelta,Interior,D,NCRO
SGA,11/6/2019,549,62.4,81,SouthDelta,Interior,D,NCRO
C10A - San Joaquin River near Vernalis @ SJR Club,12/18/2019,611,77,76,SJRcorridor,Interior,D,IT
Eastside Delta Mendota Canal intake at Jones PP,12/19/2019,562,65,76,OMR,Interior,D,IT
Sugar Cut downstream of Tom Paine Slough,1/2/2020,750,90,76,SouthDelta,Interior,D,IT
Old River below Headwaters,1/2/2020,676,85,76,SJRcorridor,Interior,D,IT
Grant Line Canal East,1/2/2020,696,85,76,SouthDelta,Interior,D,IT
Old River near Doughty Cut - ORX,1/2/2020,674,85,76,SouthDelta,Interior,D,IT
Paradise Cut,1/2/2020,673,84,76,SouthDelta,Interior,D,IT
OH1,1/2/2020,682,85,76,SouthDelta,Interior,D,NCRO
ORX,1/2/2020,681,85,76,SouthDelta,Interior,D,NCRO
GLE,1/2/2020,699,85,76,SouthDelta,Interior,D,NCRO
PDC,1/2/2020,679,84,76,SouthDelta,Interior,D,NCRO
SGA,1/2/2020,749,90,76,SouthDelta,Interior,D,NCRO
C10A - San Joaquin River near Vernalis @ SJR Club,1/14/2020,652,66,81,SJRcorridor,Interior,D,IT
Eastside Delta Mendota Canal intake at Jones PP,1/16/2020,423,32,81,OMR,Interior,D,IT
Paradise Cut Upstream,2/4/2020,1921,200,73,SouthDelta,Interior,D,IT
Old River at Tracy Wildlife Association,2/4/2020,752,92,73,SouthDelta,Interior,D,IT
PDUP,2/4/2020,1920,200,73,SouthDelta,Interior,D,NCRO
TWA,2/4/2020,760,92,73,SouthDelta,Interior,D,NCRO
C10A - San Joaquin River near Vernalis @ SJR Club,2/6/2020,393.4,46,77,SJRcorridor,Interior,D,IT
Middle River @ Union Point - P10A,2/6/2020,374.9,28.5,77,OMR,Interior,D,IT
C10A - San Joaquin River near Vernalis @ SJR Club,2/11/2020,571,71,79,SJRcorridor,Interior,D,IT
Eastside Delta Mendota Canal intake at Jones PP,2/13/2020,411.6,39,79,OMR,Interior,D,IT
Sugar Cut downstream of Tom Paine Slough,2/19/2020,898,105,77,SouthDelta,Interior,D,IT
Paradise Cut,2/19/2020,816,98,77,SouthDelta,Interior,D,IT
PDC,2/19/2020,821,98,77,SouthDelta,Interior,D,NCRO
SGA,2/19/2020,902.5,105,77,SouthDelta,Interior,D,NCRO
Paradise Cut Upstream,3/4/2020,1832,202,79,SouthDelta,Interior,D,IT
Old River at Tracy Wildlife Association,3/4/2020,492.1,57,79,SouthDelta,Interior,D,IT
PDUP,3/4/2020,1820,202,79,SouthDelta,Interior,D,NCRO
TWA,3/4/2020,494,57,79,SouthDelta,Interior,D,NCRO
Paradise Cut Upstream,4/7/2020,1982,215,77,SouthDelta,Interior,D,IT
Old River at Tracy Wildlife Association,4/7/2020,999,123,77,SouthDelta,Interior,D,IT
PDUP,4/7/2020,1972,215,77,SouthDelta,Interior,D,NCRO
TWA,4/7/2020,996,123,77,SouthDelta,Interior,D,NCRO
Sugar Cut downstream of Tom Paine Slough,4/21/2020,1001,121,73,SouthDelta,Interior,D,IT
Paradise Cut,4/21/2020,888,96.5,73,SouthDelta,Interior,D,IT
Grant Line Canal East,4/21/2020,370.7,43,73,SouthDelta,Interior,D,IT
Old River near Doughty Cut - ORX,4/21/2020,347.2,40,73,SouthDelta,Interior,D,IT
Old River below Headwaters,4/21/2020,343.5,39,73,SJRcorridor,Interior,D,IT
GLE,4/21/2020,372,43,73,SouthDelta,Interior,D,NCRO
ORX,4/21/2020,349,40,73,SouthDelta,Interior,D,NCRO
OH1,4/21/2020,345,39,73,SouthDelta,Interior,D,NCRO
PDC,4/21/2020,916.5,96.5,73,SouthDelta,Interior,D,NCRO
SGA,4/21/2020,976,121,73,SouthDelta,Interior,D,NCRO
Paradise Cut Upstream,4/29/2020,931,102,75,SouthDelta,Interior,D,IT
Old River at Tracy Wildlife Association,4/29/2020,674,81,75,SouthDelta,Interior,D,IT
PDUP,4/29/2020,908,102,75,SouthDelta,Interior,D,NCRO
TWA,4/29/2020,676,81,75,SouthDelta,Interior,D,NCRO
Eastside Delta Mendota Canal intake at Jones PP,5/14/2020,403,42,80,OMR,Interior,D,IT
PDUP,5/18/2020,1540,156,81,SouthDelta,Interior,D,NCRO
Old River near Doughty Cut - ORX,6/16/2020,253.9,21.5,80,SouthDelta,Interior,D,IT
ORX,6/16/2020,254,21.5,80,SouthDelta,Interior,D,NCRO
Paradise Cut Upstream,6/17/2020,1393,147,80,SouthDelta,Interior,D,IT
PDUP,6/17/2020,1410,147,80,SouthDelta,Interior,D,NCRO
Old River at Tracy Wildlife Association,1/4/2022,616,61.2,65,SouthDelta,Interior,C,IT
Sugar Cut downstream of Tom Paine Slough,1/12/2022,1667,210,70,SouthDelta,Interior,C,IT
Paradise Cut,1/12/2022,821,84,70,SouthDelta,Interior,C,IT
Old River below Headwaters,1/12/2022,660,71.6,70,SJRcorridor,Interior,C,IT
Grant Line Canal East,1/12/2022,678,71.6,70,SouthDelta,Interior,C,IT
Old River near Doughty Cut - ORX,1/12/2022,663,71.2,70,SouthDelta,Interior,C,IT
Paradise Cut Upstream,1/19/2022,2987,300,74,SouthDelta,Interior,C,IT
Sugar Cut downstream of Tom Paine Slough,1/25/2022,1500,186,76,SouthDelta,Interior,C,IT
Paradise Cut,1/25/2022,778,83.1,76,SouthDelta,Interior,C,IT
Eastside Delta Mendota Canal intake at Jones PP,1/26/2022,356.6,25,77,OMR,Interior,C,IT
Old River at Tracy Wildlife Association,2/8/2022,824,94,76,SouthDelta,Interior,C,IT
Paradise Cut Upstream,2/9/2022,1694,171,77,SouthDelta,Interior,C,IT
C10A - San Joaquin River near Vernalis @ SJR Club,2/9/2022,307.6,30,77,SJRcorridor,Interior,C,IT
Middle River @ Union Point - P10A,2/9/2022,354.6,24,77,OMR,Interior,C,IT
C10A - San Joaquin River near Vernalis @ SJR Club,2/24/2022,399,36.4,77,SJRcorridor,Interior,C,IT
Eastside Delta Mendota Canal intake at Jones PP,2/24/2022,391,28,77,OMR,Interior,C,IT
Grant Line Canal East,3/1/2022,559,54,78,SouthDelta,Interior,C,IT
Old River below Headwaters,3/1/2022,508,52.6,78,SJRcorridor,Interior,C,IT
Old River near Doughty Cut - ORX,3/1/2022,480.8,48,78,SouthDelta,Interior,C,IT
C10A - San Joaquin River near Vernalis @ SJR Club,3/10/2022,415.8,37.2,74,SJRcorridor,Interior,C,IT
Middle River @ Union Point - P10A,3/10/2022,417,28,74,OMR,Interior,C,IT
Paradise Cut Upstream,3/14/2022,3443,350,78,SouthDelta,Interior,C,IT
Old River at Tracy Wildlife Association,3/15/2022,935,98,79,SouthDelta,Interior,C,IT
Sugar Cut downstream of Tom Paine Slough,3/16/2022,978,92,79,SouthDelta,Interior,C,IT
Paradise Cut,3/16/2022,993,77,79,SouthDelta,Interior,C,IT
Eastside Delta Mendota Canal intake at Jones PP,3/22/2022,448,34,80,OMR,Interior,C,IT
C10A - San Joaquin River near Vernalis @ SJR Club,4/5/2022,622,60,81,SJRcorridor,Interior,C,IT
Middle River @ Union Point - P10A,4/5/2022,400.6,26,81,OMR,Interior,C,IT
Grant Line Canal East,4/7/2022,766,78,80,SouthDelta,Interior,C,IT
Old River near Doughty Cut - ORX,4/7/2022,679,65,80,SouthDelta,Interior,C,IT
Old River below Headwaters,4/7/2022,679,64.6,80,SJRcorridor,Interior,C,IT
